320kbps,album,album_url,albumid,artistMap,cache_state,copyright_text,disabled,disabled_text,duration,encrypted_media_path,encrypted_media_url,explicit_content,featured_artists,featured_artists_id,genere,has_lyrics,id,image,label,label_url,language,lyrics_snippet,media_preview_url,media_url,music,music_id,origin,perma_url,play_count,primary_artists,primary_artists_id,release_date,rights,singers,song,song_id,starred,starring,type,vcode,vlink,year
true,Jesus,https://www.jiosaavn.com/album/jesus/GekIXXJHXfU_,2457552,{'Chris Tomlin': '572982'},false,℗ 2016 sixstepsrecords/Sparrow Records,true,Unavailable,249,NMKyboFo/Fi0VFqJf5Q3Rw==,ID2ieOjCrwfgWvL5sXl4B1ImC5QfbsDyx56bevaz3M6zPISzqnI19Lw9D+wZR83BUzsoJl+YnDeSNJnsaOdvjxw7tS9a8Gtq,0,,,Rock,true,PUjl7vs8,https://c.saavncdn.com/042/Jesus-English-2016-500x500.jpg,SixSteps (SIX),/label/sixsteps-six-albums/331rVnozP7I_,english,Who walks on the waters,https://preview.saavncdn.com/042/e64fdae7ede39672d2ba1d27b1b3576b_96_p.mp4,https://aac.saavncdn.com/042/e64fdae7ede39672d2ba1d27b1b3576b_320.mp4,,,playlist,https://www.jiosaavn.com/song/jesus/ID0BXUNGRAs,171966,Chris Tomlin,572982,2016-07-15,"{'cacheable': False, 'code': 1, 'delete_cached_object': True, 'reason': 'Unavailable'}",Chris Tomlin,Jesus,Rock_PUjl7vs8,false,,,,,2016
true,The Dark Side of the Moon,https://www.jiosaavn.com/album/the-dark-side-of-the-moon/dUSILT4q-uU_,1707513,"{'David Gilmour': '528009', 'Nick Mason': '584040', 'Pink Floyd': '559789', 'Richard Wright': '584041', 'Roger Waters': '513987'}",false,"(P) 2016 The copyright in this sound recording is owned by Pink Floyd Music Ltd., marketed and distributed by Sony Music Entertainment",true,Unavailable,418,NMKyboFo/Fi0VFqJf5Q3Rw==,ID2ieOjCrwfgWvL5sXl4B1ImC5QfbsDyEXAVDizr7kW4HDCqx9OUZXjK7FqYCV2zKUxXiLRsLmSO8RF696eDshw7tS9a8Gtq,1,,,Rock,false,IPbuIHKX,https://c.saavncdn.com/261/The-Dark-Side-of-the-Moon-English-1973-500x500.jpg,Pink Floyd Records,/label/pink-floyd-records-albums/egkOv88UsRQ_,english,,https://preview.saavncdn.com/261/968e54e9c3716e6e55d8d0ef7bea1938_96_p.mp4,https://aac.saavncdn.com/261/968e54e9c3716e6e55d8d0ef7bea1938_320.mp4,"Roger Waters, David Gilmour, Nick Mason, Richard Wright","513987, 528009, 584040, 584041",playlist,https://www.jiosaavn.com/song/time/OTgJRD14fGs,404811,Pink Floyd,559789,1973-03-01,"{'cacheable': False, 'code': 1, 'delete_cached_object': True, 'reason': 'Unavailable'}","Pink Floyd, David Gilmour, Nick Mason, Richard Wright",Time,Rock_IPbuIHKX,false,,,,,1973
true,We Are The Champions (Raw Sessions Version),https://www.jiosaavn.com/album/we-are-the-champions-raw-sessions-version/-Aiy0N8YTPg_,11597696,{'Queen': '527759'},false,"℗ 2017 Queen Productions Ltd, under exclusive licence to Universal International Music BV",true,Unavailable,273,NMKyboFo/Fi0VFqJf5Q3Rw==,ID2ieOjCrwfgWvL5sXl4B1ImC5QfbsDy+Gb/Yq9GIwXJpZYU/OHgAhnZyF8OU13lcxw9hEAeDAJNWOmJ07KcSRw7tS9a8Gtq,0,,,Rock,false,ifkMQ1jy,https://c.saavncdn.com/503/We-Are-The-Champions-Raw-Sessions-Version--English-2017-20171005000746-500x500.jpg,EMI,/label/emi-albums/MyLMUhzHoP8_,english,,https://preview.saavncdn.com/503/b7cc112550016e8721ac0a1428b1a33b_96_p.mp4,https://aac.saavncdn.com/503/b7cc112550016e8721ac0a1428b1a33b_320.mp4,,,playlist,https://www.jiosaavn.com/song/we-are-the-champions-alternative-version/GQ4AfCUBXUo,214253,Queen,527759,2017-10-06,"{'cacheable': False, 'code': 1, 'delete_cached_object': True, 'reason': 'Unavailable'}",Queen,We Are The Champions (Alternative Version),Rock_ifkMQ1jy,false,,,,,2017
true,Unleashed,https://www.jiosaavn.com/album/unleashed/-kwmrQN86Og_,2502954,{'Skillet': '704751'},false,℗ 2016 Atlantic Recording Corporation,true,Unavailable,232,NMKyboFo/Fi0VFqJf5Q3Rw==,ID2ieOjCrwfgWvL5sXl4B1ImC5QfbsDyWCZDkD60CncTTRp8MH8RAu/P6ss7D3hPXj8GTM/cBu/smmSFQWp84xw7tS9a8Gtq,0,,,Rock,true,ZKY9_R-U,https://c.saavncdn.com/141/Unleashed-English-2016-500x500.jpg,Atlantic Records,/label/atlantic-records-albums/moT3cDqfUuo_,english,This is how we rise up,https://preview.saavncdn.com/141/cf6c70c373252370afee28bf61fe7110_96_p.mp4,https://aac.saavncdn.com/141/cf6c70c373252370afee28bf61fe7110_320.mp4,,,playlist,https://www.jiosaavn.com/song/the-resistance/KiMyCCtiGmY,124774,Skillet,704751,2016-08-05,"{'cacheable': False, 'code': 1, 'delete_cached_object': True, 'reason': 'Unavailable'}",Skillet,The Resistance,Rock_ZKY9_R-U,false,,,,,2016
true,"Wake Me up When September Ends (Live at Foxboro, MA, 9/3/05)","https://www.jiosaavn.com/album/wake-me-up-when-september-ends-live-at-foxboro-ma-9305/GPD,HhHGkPE_",1169546,{'Green Day': '645985'},false,℗ 2005 Reprise Records,true,Unavailable,340,NMKyboFo/Fi0VFqJf5Q3Rw==,ID2ieOjCrwfgWvL5sXl4B1ImC5QfbsDyv2Ah1LgJ8Xw3/BmRbYYriyaQSXzlIXwVmNHQtjl97DQSt4GqWV/6Gxw7tS9a8Gtq,0,,,Rock,false,nhn4ApPt,https://c.saavncdn.com/067/Wake-Me-Up-When-September-Ends-Live-DMD-Single-English-2012-500x500.jpg,Reprise,/label/reprise-albums/4qzt2Vqle3Y_,english,,https://preview.saavncdn.com/067/a9bbde0b7d0067ea96c1700d2760fdd0_96_p.mp4,https://aac.saavncdn.com/067/a9bbde0b7d0067ea96c1700d2760fdd0_320.mp4,,,playlist,https://www.jiosaavn.com/song/wake-me-up-when-september-ends-live-at-foxboro-ma-9305/HgAFBTVAZ0c,694083,Green Day,645985,2005-09-27,"{'cacheable': False, 'code': 1, 'delete_cached_object': True, 'reason': 'Unavailable'}",Green Day,"Wake Me up When September Ends (Live at Foxboro, MA, 9/3/05)",Rock_nhn4ApPt,false,,,,,2005
true,All the Right Reasons,https://www.jiosaavn.com/album/all-the-right-reasons/hANnOviSM2c_,1184399,{'Nickelback': '625007'},false,"℗ 2005 Roadrunner Records, Inc.",true,Unavailable,255,NMKyboFo/Fi0VFqJf5Q3Rw==,ID2ieOjCrwfgWvL5sXl4B1ImC5QfbsDyXwimuRe6WbHCmh04m5UgibHMPGW4wApWsIG1yMlUqlobUfypiGuDKhw7tS9a8Gtq,0,,,Rock,false,9zw0Wj4Z,https://c.saavncdn.com/007/All-The-Right-Reasons-English-2008-500x500.jpg,Roadrunner Records,/label/roadrunner-records-albums/JXzwV6ROv0U_,english,,https://preview.saavncdn.com/007/35975e31ad23063eca72f075d8eb66e7_96_p.mp4,https://aac.saavncdn.com/007/35975e31ad23063eca72f075d8eb66e7_320.mp4,,,playlist,https://www.jiosaavn.com/song/rockstar/SRIcASNaA2k,314403,Nickelback,625007,2005-09-26,"{'cacheable': False, 'code': 1, 'delete_cached_object': True, 'reason': 'Unavailable'}",Nickelback,Rockstar,Rock_9zw0Wj4Z,false,,,,,2005
true,Carnival of Rust,https://www.jiosaavn.com/album/carnival-of-rust/cshsJ4Odawk_,2190278,{'Poets Of The Fall': '742553'},false,© 2006 Insomniac,true,Unavailable,220,NMKyboFo/Fi0VFqJf5Q3Rw==,ID2ieOjCrwfgWvL5sXl4B1ImC5QfbsDyWDjEyF4e0E3U15PuDmAvtsVHI0XZ5PFL7IN+on+KWn52y656wgYJtBw7tS9a8Gtq,0,,,Rock,true,uYn2IBHN,https://c.saavncdn.com/682/Carnival-of-Rust-English-2006-500x500.jpg,Insomniac,/label/insomniac-albums/525ht9TzV54_,english,"Don't walk away, don't walk away, oh",https://preview.saavncdn.com/682/4557756c2cebc8416a3c6cfe06203aa3_96_p.mp4,https://aac.saavncdn.com/682/4557756c2cebc8416a3c6cfe06203aa3_320.mp4,,,playlist,https://www.jiosaavn.com/song/carnival-of-rust/BTEFAz1yf30,764655,Poets Of The Fall,742553,2006-03-22,"{'cacheable': False, 'code': 1, 'delete_cached_object': True, 'reason': 'Unavailable'}",Poets Of The Fall,Carnival of Rust,Rock_uYn2IBHN,false,,,,,2006
true,In Utero,"https://www.jiosaavn.com/album/in-utero/D,0br94NdXg_",1125556,"{'Kurt Cobain': '530867', 'Nirvana': '624728'}",false,© 1999 Universal Music India Ltd.,true,Unavailable,279,NMKyboFo/Fi0VFqJf5Q3Rw==,ID2ieOjCrwfgWvL5sXl4B1ImC5QfbsDy+bvgIvD7TbeU41rTT+IjyJQ3h6WPU3xhlxjOH3lMm0D0YRJirmdbIBw7tS9a8Gtq,0,,,Rock,false,37DetraU,https://c.saavncdn.com/629/In-Utero-1999-500x500.jpg,Universal Music India Ltd.,/label/universal-music-india-ltd.-albums/83g4yNwLlO8_,english,,https://preview.saavncdn.com/629/2264518e37b18c9b53d399c39adec2c4_96_p.mp4,https://aac.saavncdn.com/629/2264518e37b18c9b53d399c39adec2c4_320.mp4,Kurt Cobain,530867,playlist,https://www.jiosaavn.com/song/heart-shaped-box/Q18vVABCVmY,148917,Nirvana,624728,1999-09-30,"{'cacheable': False, 'code': 1, 'delete_cached_object': True, 'reason': 'Unavailable'}",Nirvana,Heart Shaped Box,Rock_37DetraU,false,,,,,1999
true,Avenged Sevenfold,https://www.jiosaavn.com/album/avenged-sevenfold/6TWnxo5lab8_,1176012,{'Avenged Sevenfold': '713000'},false,℗ 2007 Warner Records Inc.,true,Unavailable,393,NMKyboFo/Fi0VFqJf5Q3Rw==,ID2ieOjCrwfgWvL5sXl4B1ImC5QfbsDyanLRnclCPU4NOX/QhEiHO8RzSal6fdOQNPc0LYl5XJLEEFcl9zqethw7tS9a8Gtq,1,,,Rock,false,YWek5W31,https://c.saavncdn.com/083/Avenged-Sevenfold-English-2012-500x500.jpg,Warner Records,/label/warner-records-albums/8FBCbUPZpYc_,english,,https://preview.saavncdn.com/083/e6af2b50502e52725db749b4f931a4ff_96_p.mp4,https://aac.saavncdn.com/083/e6af2b50502e52725db749b4f931a4ff_320.mp4,,,playlist,https://www.jiosaavn.com/song/dear-god/KT8OWkFnBAI,263449,Avenged Sevenfold,713000,2007-10-26,"{'cacheable': False, 'code': 1, 'delete_cached_object': True, 'reason': 'Unavailable'}",Avenged Sevenfold,Dear God,Rock_YWek5W31,false,,,,,2007
true,Nimrod,https://www.jiosaavn.com/album/nimrod/wR151v3vGI0_,1179546,{'Green Day': '645985'},false,℗ 1997 Reprise Records for the U.S. and WEA International Inc. for the world outside of the U.S.,true,Unavailable,154,NMKyboFo/Fi0VFqJf5Q3Rw==,ID2ieOjCrwfgWvL5sXl4B1ImC5QfbsDy/TDO1NcEXZYZTfEGANtQFNQMI1btMmd7/Ao4W2fql/40WAe2BEYmnRw7tS9a8Gtq,1,,,Rock,false,DA7RZ92l,https://c.saavncdn.com/462/Nimrod-U-S-Version-English-2007-500x500.jpg,Reprise,/label/reprise-albums/4qzt2Vqle3Y_,english,,https://preview.saavncdn.com/462/53929b642a2039b3a0c6276521495333_96_p.mp4,https://aac.saavncdn.com/462/53929b642a2039b3a0c6276521495333_320.mp4,,,playlist,https://www.jiosaavn.com/song/good-riddance-time-of-your-life/NClcYy4JBV8,267916,Green Day,645985,1997-10-14,"{'cacheable': False, 'code': 1, 'delete_cached_object': True, 'reason': 'Unavailable'}",Green Day,Good Riddance (Time of Your Life),Rock_DA7RZ92l,false,,,,,1997
true,Eye Of The Tiger,https://www.jiosaavn.com/album/eye-of-the-tiger/FJnkCVjHaLs_,1095531,"{'Frankie Sullivan': '562845', 'Jim Peterik': '517880', 'Survivor': '562844'}",false,"(P) 1982 Volcano Entertainment, III, LLC",true,Unavailable,245,NMKyboFo/Fi0VFqJf5Q3Rw==,ID2ieOjCrwfgWvL5sXl4B1ImC5QfbsDy+s2QPHQSY21FQzz/jQ7Gcs6O56XI+DNoNPN/eaBtsfFe9UlygbguVxw7tS9a8Gtq,0,,,Rock,false,EKY4JY-O,https://c.saavncdn.com/402/Eye-Of-The-Tiger-English-1999-20191008190547-500x500.jpg,Volcano,"/label/volcano-albums/nHBKAxVu,hg_",english,,https://preview.saavncdn.com/402/bcb0597faa51b6c9a1f23881e614568b_96_p.mp4,https://aac.saavncdn.com/402/bcb0597faa51b6c9a1f23881e614568b_320.mp4,"Jim Peterik, Frankie Sullivan","517880, 562845",playlist,https://www.jiosaavn.com/song/eye-of-the-tiger/NSMyBT5pGnw,1199772,Survivor,562844,1991-01-01,"{'cacheable': False, 'code': 1, 'delete_cached_object': True, 'reason': 'Unavailable'}",Survivor,Eye of the Tiger,Rock_EKY4JY-O,false,,,,,1991
true,Back In Black,https://www.jiosaavn.com/album/back-in-black/SxnSfT8OvFA_,1285399,"{'AC/DC': '562969', 'Angus Young': '514538', 'Brian Johnson': '562970', 'Malcolm Young': '514539'}",false,(P) 1980 Leidseplein Presse B.V.,true,Unavailable,253,NMKyboFo/Fi0VFqJf5Q3Rw==,ID2ieOjCrwfgWvL5sXl4B1ImC5QfbsDyKNdtq8sK6YHCKVTwTKn96rsz/1fVVQY5nktL9GUYMQ6SMI/yfF7K4Bw7tS9a8Gtq,0,,,Rock,false,5CpSBRJW,https://c.saavncdn.com/841/Back-In-Black-English-1980-20200720182610-500x500.jpg,Columbia,/label/columbia-albums/wMrKglyRi74_,english,,https://preview.saavncdn.com/841/781cfeccdb2ffda4bd432dac4112006f_96_p.mp4,https://aac.saavncdn.com/841/781cfeccdb2ffda4bd432dac4112006f_320.mp4,"Brian Johnson, Angus Young, Malcolm Young","562970, 514538, 514539",playlist,https://www.jiosaavn.com/song/back-in-black/RSsbYjZifWQ,1511697,AC/DC,562969,1980-07-25,"{'cacheable': False, 'code': 1, 'delete_cached_object': True, 'reason': 'Unavailable'}",AC/DC,Back In Black,Rock_5CpSBRJW,false,,,010910140241685,https://jiotunepreview.jio.com/content/Converted/010910140254329.mp3,1980
true,Greatest Hits: God's Favorite Band,https://www.jiosaavn.com/album/greatest-hits:-gods-favorite-band/aHq2qPO2is8_,11789558,{'Green Day': '645985'},false,℗ 2004 Reprise Records,true,Unavailable,262,NMKyboFo/Fi0VFqJf5Q3Rw==,ID2ieOjCrwfgWvL5sXl4B1ImC5QfbsDyFcgQGQa2myrX4ZtSBioUoxomRMhFGu0Xyht+ifkUUMpqbLI7LEoVUhw7tS9a8Gtq,1,,,Rock,false,yHaKGqdY,https://c.saavncdn.com/163/Greatest-Hits-God-s-Favorite-Band-English-2017-20171111000357-500x500.jpg,Reprise,/label/reprise-albums/4qzt2Vqle3Y_,english,,https://preview.saavncdn.com/163/110ed5cd84763745e80d0f4093c41d86_96_p.mp4,https://aac.saavncdn.com/163/110ed5cd84763745e80d0f4093c41d86_320.mp4,,,playlist,https://www.jiosaavn.com/song/boulevard-of-broken-dreams/CSAKejNBU2o,428760,Green Day,645985,2017-11-17,"{'cacheable': False, 'code': 1, 'delete_cached_object': True, 'reason': 'Unavailable'}",Green Day,Boulevard of Broken Dreams,Rock_yHaKGqdY,false,,,,,2017
true,Wish You Were Here,https://www.jiosaavn.com/album/wish-you-were-here/bwtrmtfCpyM_,1707514,"{'David Gilmour': '528009', 'Pink Floyd': '559789', 'Roger Waters': '513987'}",false,"(P) 2016 The copyright in this sound recording is owned by Pink Floyd Music Ltd., marketed and distributed by Sony Music Entertainment",true,Unavailable,330,NMKyboFo/Fi0VFqJf5Q3Rw==,ID2ieOjCrwfgWvL5sXl4B1ImC5QfbsDyQebwmyTh7z5ZzegDOdZvDS2Qwa3sdKPqZtsn8AS7KuHcLd6mfTGbXhw7tS9a8Gtq,0,,,Rock,false,FQeiuXSg,https://c.saavncdn.com/278/Wish-You-Were-Here-English-1975-500x500.jpg,Pink Floyd Records,/label/pink-floyd-records-albums/egkOv88UsRQ_,english,,https://preview.saavncdn.com/278/8c46f6e728796574ec912079e8dd4d49_96_p.mp4,https://aac.saavncdn.com/278/8c46f6e728796574ec912079e8dd4d49_320.mp4,"David Gilmour, Roger Waters","528009, 513987",playlist,https://www.jiosaavn.com/song/wish-you-were-here/NjkOWAFoZFQ,1036389,Pink Floyd,559789,1975-09-15,"{'cacheable': False, 'code': 1, 'delete_cached_object': True, 'reason': 'Unavailable'}",Pink Floyd,Wish You Were Here,Rock_FQeiuXSg,false,,,,,1975
true,So Far So Good,https://www.jiosaavn.com/album/so-far-so-good/ScpvRS5slWQ_,1125051,"{'Bryan Adams': '513733', 'Jim Vallance': '518052'}",false,© 1994 Universal Music India Ltd.,true,Unavailable,214,NMKyboFo/Fi0VFqJf5Q3Rw==,ID2ieOjCrwfgWvL5sXl4B1ImC5QfbsDy0+hu8iyQT31wa7HMFakBuMW6+6s6L83GuJAtJrVVxwk45IiFngM0Nhw7tS9a8Gtq,0,,,Rock,false,cEgzZDjq,https://c.saavncdn.com/721/So-Far-So-Good-1994-500x500.jpg,Universal Music India Ltd.,/label/universal-music-india-ltd.-albums/83g4yNwLlO8_,english,,https://preview.saavncdn.com/721/771f0d21b96929f5e7835e1ef3ca448b_96_p.mp4,https://aac.saavncdn.com/721/771f0d21b96929f5e7835e1ef3ca448b_320.mp4,"Bryan Adams, Jim Vallance","513733, 518052",playlist,https://www.jiosaavn.com/song/summer-of-69/Ey0MSy50XUI,1099092,Bryan Adams,513733,1994-01-11,"{'cacheable': False, 'code': 1, 'delete_cached_object': True, 'reason': 'Unavailable'}",Bryan Adams,Summer Of '69,Rock_cEgzZDjq,false,,,,,1994
true,The Wall,https://www.jiosaavn.com/album/the-wall/HtIYFiWDSRU_,1707523,"{'David Gilmour': '528009', 'Pink Floyd': '559789', 'Roger Waters': '513987'}",false,"(P) 2016 The copyright in this sound recording is owned by Pink Floyd Music Ltd., marketed and distributed by Sony Music Entertainment",true,Unavailable,382,NMKyboFo/Fi0VFqJf5Q3Rw==,ID2ieOjCrwfgWvL5sXl4B1ImC5QfbsDyP68PlS/hf9IOxOrNHpoEZaI4ZAl3qWj/9d0v0anqGh/jr1lwf6X9hhw7tS9a8Gtq,0,,,Rock,false,NkGlC990,https://c.saavncdn.com/841/The-Wall-English-1979-500x500.jpg,Pink Floyd Records,/label/pink-floyd-records-albums/egkOv88UsRQ_,english,,https://preview.saavncdn.com/841/76c152d287ec631823fd1a0cd283d2cf_96_p.mp4,https://aac.saavncdn.com/841/76c152d287ec631823fd1a0cd283d2cf_320.mp4,"Roger Waters, David Gilmour","513987, 528009",playlist,https://www.jiosaavn.com/song/comfortably-numb/PgMsXTcJDgM,1475369,Pink Floyd,559789,1979-11-30,"{'cacheable': False, 'code': 1, 'delete_cached_object': True, 'reason': 'Unavailable'}",Pink Floyd,Comfortably Numb,Rock_NkGlC990,false,,,,,1979
true,The Division Bell,"https://www.jiosaavn.com/album/the-division-bell/j0aX,1VcF1M_",1707525,"{'David Gilmour': '528009', 'Pink Floyd': '559789'}",false,"(P) 2016 The copyright in this sound recording is owned by Pink Floyd (1987) Ltd., marketed and distributed by Sony Music Entertainment",true,Unavailable,379,NMKyboFo/Fi0VFqJf5Q3Rw==,ID2ieOjCrwfgWvL5sXl4B1ImC5QfbsDye4RD++04XY4LRoCqJRSIN+v3GJAZs1xyL9fkLc1EjfpEDaT+YTFnvBw7tS9a8Gtq,1,,,Rock,false,yu6WcOzk,https://c.saavncdn.com/872/The-Division-Bell-English-1994-500x500.jpg,Pink Floyd Records,/label/pink-floyd-records-albums/egkOv88UsRQ_,english,,https://preview.saavncdn.com/872/4d17c014ba9348c3fc7b86d9e7b825ff_96_p.mp4,https://aac.saavncdn.com/872/4d17c014ba9348c3fc7b86d9e7b825ff_320.mp4,David Gilmour,528009,playlist,https://www.jiosaavn.com/song/coming-back-to-life/CR1dZhd-TVg,956727,Pink Floyd,559789,2016-01-01,"{'cacheable': False, 'code': 1, 'delete_cached_object': True, 'reason': 'Unavailable'}",Pink Floyd,Coming Back to Life,Rock_yu6WcOzk,false,,,010910140927830,https://jiotunepreview.jio.com/content/Converted/010910140883354.mp3,2016
true,Metallica,https://www.jiosaavn.com/album/metallica/ZQjlpydlmv0_,1125578,{'Metallica': '526751'},false,℗ 1991 Metallica,true,Unavailable,388,NMKyboFo/Fi0VFqJf5Q3Rw==,ID2ieOjCrwfgWvL5sXl4B1ImC5QfbsDybFpk96SLmSnfOCst1Y4Rjc79X1cr2XBv44TkpM3vvY1GjCKUeMlOQRw7tS9a8Gtq,0,,,Rock,false,2KyYMNx0,https://c.saavncdn.com/229/Metallica-2008-500x500.jpg,Virgin EMI,/label/virgin-emi-albums/sbjNMDG4rcI_,english,,https://preview.saavncdn.com/229/5f208f3758f3835cd721f51e83755408_96_p.mp4,https://aac.saavncdn.com/229/5f208f3758f3835cd721f51e83755408_320.mp4,,,playlist,"https://www.jiosaavn.com/song/nothing-else-matters/QiMSaDl,TwM",1120018,Metallica,526751,2008-08-18,"{'cacheable': False, 'code': 1, 'delete_cached_object': True, 'reason': 'Unavailable'}",Metallica,Nothing Else Matters,Rock_2KyYMNx0,false,,,,,2008
true,Crush,"https://www.jiosaavn.com/album/crush/KUvmS,adehw_",1214149,{'Bon Jovi': '611399'},false,"℗ 2000 UMG Recordings, Inc.",true,Unavailable,224,NMKyboFo/Fi0VFqJf5Q3Rw==,ID2ieOjCrwfgWvL5sXl4B1ImC5QfbsDyvoCSwChG89+bOuf/IYsv+sJaY9ajURkXnjmU6e8ksh8ZzMX2vLzVZRw7tS9a8Gtq,0,,,Rock,false,HhdN6hUM,https://c.saavncdn.com/429/Crush-English-2014-500x500.jpg,Island Records,/label/island-records-albums/qH-QS7wxabg_,english,,https://preview.saavncdn.com/429/3fcd35cb87bd30f9eb9b8884bda705e0_96_p.mp4,https://aac.saavncdn.com/429/3fcd35cb87bd30f9eb9b8884bda705e0_320.mp4,,,playlist,https://www.jiosaavn.com/song/its-my-life/OAAPf0JYYn4,992244,Bon Jovi,611399,2000-06-13,"{'cacheable': False, 'code': 1, 'delete_cached_object': True, 'reason': 'Unavailable'}",Bon Jovi,It's My Life,Rock_HhdN6hUM,false,,,,,2000
true,Hell Freezes Over,https://www.jiosaavn.com/album/hell-freezes-over/J0m8j5Bm-lo_,2908743,{'Eagles': '629190'},false,℗ 1994 Geffen Records,true,Unavailable,432,NMKyboFo/Fi0VFqJf5Q3Rw==,ID2ieOjCrwfgWvL5sXl4B1ImC5QfbsDyIm7uc4ucFsNtYOB/XG/egF1sWSJ6JRjaw5pRH3P8tW4usuZnE82y7Bw7tS9a8Gtq,0,,,Rock,false,modowl9I,https://c.saavncdn.com/521/Hell-Freezes-Over-English-1994-20200522072334-500x500.jpg,Universal Music India Pvt Ltd.,/label/universal-music-india-pvt-ltd.-albums/yCRRDUDuazo_,english,,https://preview.saavncdn.com/521/4768ef5cf2be9998b91df6f5b88c85ae_96_p.mp4,https://aac.saavncdn.com/521/4768ef5cf2be9998b91df6f5b88c85ae_320.mp4,,,playlist,https://www.jiosaavn.com/song/hotel-california/HQcPXgNcDno,386689,Eagles,629190,1994-01-01,"{'cacheable': False, 'code': 1, 'delete_cached_object': True, 'reason': 'Unavailable'}",Eagles,Hotel California,Rock_modowl9I,false,,,,,1994
true,I'm an Albatraoz,https://www.jiosaavn.com/album/im-an-albatraoz/J7ck2xtEJIA_,1194792,"{'Aron Ekberg': '741469', 'AronChupa': '741468'}",false,(P) 2014 Aron Ekberg under exclusive license to Sony Music Entertainment Sweden AB,true,Unavailable,166,NMKyboFo/Fi0VFqJf5Q3Rw==,ID2ieOjCrwfgWvL5sXl4B1ImC5QfbsDyISsLQ/WbswK9cLotToK2kJpTVRC3sqdnsKEP1kOPckD/TYhN/KXyIRw7tS9a8Gtq,1,,,Workout,false,maTdFRZL,https://c.saavncdn.com/269/I-m-an-Albatraoz-English-2014-500x500.jpg,Aron Ekberg,/label/aron-ekberg-albums/fB-8hkz3-5w_,english,,https://preview.saavncdn.com/269/b41e24446d682a1887a61cb5dee0521d_96_p.mp4,https://aac.saavncdn.com/269/b41e24446d682a1887a61cb5dee0521d_320.mp4,Aron Ekberg,741469,playlist,https://www.jiosaavn.com/song/im-an-albatraoz/HQk-VTJibX8,11683027,AronChupa,741468,2014-08-08,"{'cacheable': False, 'code': 1, 'delete_cached_object': True, 'reason': 'Unavailable'}",AronChupa,I'm an Albatraoz,Workout_maTdFRZL,false,,,010910140238209,https://jiotunepreview.jio.com/content/Converted/010910140250853.mp3,2014
true,Roses (Imanbek Remix),https://www.jiosaavn.com/album/roses-imanbek-remix/7S9A3F1-NMg_,17524893,"{'Lee Stashenko': '1868269', 'PHILLIPS CARLOS ST. JOHN': '7031542', 'SAINt JHN': '1968701'}",false,"(P) 2019 HITCO AND Godd Complexx, Inc. under exclusive license to Effective Records / B1 Recordings GmbH, a Sony Music Entertainment company.",true,Unavailable,176,NMKyboFo/Fi0VFqJf5Q3Rw==,ID2ieOjCrwfgWvL5sXl4B1ImC5QfbsDy93GYbwLOVgxrNWpWklqERfz0XGS3VbwVZHptuhaMFvZXMt+YE3r48xw7tS9a8Gtq,1,,,Workout,false,xYyBa_uS,https://c.saavncdn.com/304/Roses-Imanbek-Remix--English-2019-20200417111305-500x500.jpg,Columbia/B1 Recordings,/label/columbiab1-recordings-albums/xo88dYT8XE0_,english,,https://preview.saavncdn.com/304/ad8a34487c0ac26adc633b4364f0fee1_96_p.mp4,https://aac.saavncdn.com/304/ad8a34487c0ac26adc633b4364f0fee1_320.mp4,"PHILLIPS CARLOS ST. JOHN, Lee Stashenko","7031542, 1868269",playlist,https://www.jiosaavn.com/song/roses-imanbek-remix/CDEScxVvQmA,2778899,SAINt JHN,1968701,2019-10-09,"{'cacheable': False, 'code': 1, 'delete_cached_object': True, 'reason': 'Unavailable'}",SAINt JHN,Roses (Imanbek Remix),Workout_xYyBa_uS,false,,,,,2019
true,The Kids Are Coming,https://www.jiosaavn.com/album/the-kids-are-coming/t08liC1jmaw_,17118698,{'Tones and I': '6008583'},false,℗ 2019 Bad Batch Records under exclusive license to Elektra Records for the World excluding Australia and New Zealand,true,Unavailable,209,NMKyboFo/Fi0VFqJf5Q3Rw==,ID2ieOjCrwfgWvL5sXl4B1ImC5QfbsDy1nRX8p0pNtrlA3v9XZdmGdk+dpZ2sSp3cUkIhweKTg7yi7PLIfPXaRw7tS9a8Gtq,0,,,Workout,false,imA9NsUr,https://c.saavncdn.com/237/The-Kids-Are-Coming-English-2019-20190829150041-500x500.jpg,Elektra (NEK),"/label/elektra-nek-albums/E,xZ4ot001c_",english,,https://preview.saavncdn.com/237/92bbe55102ca6fe856088648a65e3979_96_p.mp4,https://aac.saavncdn.com/237/92bbe55102ca6fe856088648a65e3979_320.mp4,,,playlist,https://www.jiosaavn.com/song/dance-monkey/GQUqCDpDYkE,9765818,Tones And I,6008583,2019-08-29,"{'cacheable': False, 'code': 1, 'delete_cached_object': True, 'reason': 'Unavailable'}",Tones And I,Dance Monkey,Workout_imA9NsUr,false,,,,,2019
true,Panda,https://www.jiosaavn.com/album/panda/LaDHkmxT8fY_,1921902,{'Desiigner': '1437966'},false,"℗ 2016 Getting Out Our Dreams, Inc./Def Jam Recordings, a division of UMG Recordings, Inc.",true,Unavailable,226,NMKyboFo/Fi0VFqJf5Q3Rw==,ID2ieOjCrwfgWvL5sXl4B1ImC5QfbsDygi5BhLek2evgwanS+Mu/5HxwTVlUEJvLJWbRrFwMLEjTBW/MpqZYLRw7tS9a8Gtq,0,,,Workout,false,fYTPovvk,https://c.saavncdn.com/527/Panda-English-2016-500x500.jpg,Getting Out Our Dreams Inc. (G.O.O.D.) Music / IDJ,/label/getting-out-our-dreams-inc.-g.o.o.d.-music--idj-albums/C0CZLNtljsM_,english,,https://preview.saavncdn.com/527/c1d082a1f2d00817d1928cce44b61455_96_p.mp4,https://aac.saavncdn.com/527/c1d082a1f2d00817d1928cce44b61455_320.mp4,,,playlist,https://www.jiosaavn.com/song/panda/FjE-YRtGQVg,9685382,Desiigner,1437966,2016-02-26,"{'cacheable': False, 'code': 1, 'delete_cached_object': True, 'reason': 'Unavailable'}",Desiigner,Panda,Workout_fYTPovvk,false,,,,,2016
true,Evolve,https://www.jiosaavn.com/album/evolve/gvCWqZLfVbs_,13435951,{'Imagine Dragons': '599452'},false,℗ 2017 KIDinaKORNER/Interscope Records,true,Unavailable,202,NMKyboFo/Fi0VFqJf5Q3Rw==,ID2ieOjCrwfgWvL5sXl4B1ImC5QfbsDy6UWMvucrWHxfIRjtvw8g35/f89z5MoGc71/Y9eRN3bK0jKAAHF631xw7tS9a8Gtq,0,,,Workout,false,BeXBcbVK,https://c.saavncdn.com/248/Evolve-English-2017-20180716230950-500x500.jpg,Kid Ina Korner / Interscope,/label/kid-ina-korner--interscope-albums/cI2lEu2R06A_,english,,https://preview.saavncdn.com/248/a6b1b78b396245f712abda8f1daefee0_96_p.mp4,https://aac.saavncdn.com/248/a6b1b78b396245f712abda8f1daefee0_320.mp4,,,playlist,https://www.jiosaavn.com/song/believer/Mg0zcxdSYXg,39180320,Imagine Dragons,599452,2018-07-18,"{'cacheable': False, 'code': 1, 'delete_cached_object': True, 'reason': 'Unavailable'}",Imagine Dragons,Believer,Workout_BeXBcbVK,false,,,010912291154892,https://jiotunepreview.jio.com/content/Converted/010912291111348.mp3,2018
true,Evolve,https://www.jiosaavn.com/album/evolve/gvCWqZLfVbs_,13435951,{'Imagine Dragons': '599452'},false,℗ 2017 KIDinaKORNER/Interscope Records,true,Unavailable,187,NMKyboFo/Fi0VFqJf5Q3Rw==,ID2ieOjCrwfgWvL5sXl4B1ImC5QfbsDyTw/mSJGh9d0ylU+tXjidqI5EseuyTATLVpfW1aGWU5NGzizBb5sZ7Rw7tS9a8Gtq,0,,,Workout,false,zikdtWU6,https://c.saavncdn.com/248/Evolve-English-2017-20180716230950-500x500.jpg,Kid Ina Korner / Interscope,/label/kid-ina-korner--interscope-albums/cI2lEu2R06A_,english,,https://preview.saavncdn.com/248/5d5e9942843acced279874a4c8774979_96_p.mp4,https://aac.saavncdn.com/248/5d5e9942843acced279874a4c8774979_320.mp4,,,playlist,https://www.jiosaavn.com/song/thunder/CgEAVQBnYgU,27814826,Imagine Dragons,599452,2018-07-18,"{'cacheable': False, 'code': 1, 'delete_cached_object': True, 'reason': 'Unavailable'}",Imagine Dragons,Thunder,Workout_zikdtWU6,false,,,010912291154965,https://jiotunepreview.jio.com/content/Converted/010912291111421.mp3,2018
true,POPSTAR,https://www.jiosaavn.com/album/popstar/NSgpYtMY5Wg_,21473911,"{'Aubrey Graham': '566237', 'DJ Khaled': '599255', 'David Ruoff': '843912', 'Drake': '512453', 'Elias Klughammer': '843913', 'Khaled Khaled': '613654', 'Ozan Yildirim': '777560'}",false,(P) 2020 OVO as licensed to We The Best/Epic Records,true,Unavailable,200,NMKyboFo/Fi0VFqJf5Q3Rw==,ID2ieOjCrwfgWvL5sXl4B1ImC5QfbsDy9ZjRkIG0XJ5Y4Ni30WVet8uQ8Nr8cA0TCuYmrZOpIc5X6Tz8khlHfBw7tS9a8Gtq,1,Drake,512453,Workout,false,R5s03OsU,https://c.saavncdn.com/310/POPSTAR-English-2020-20200717001037-500x500.jpg,OVO/We The Best/Epic,/label/ovowe-the-bestepic-albums/Ag3Z2fOB6C8_,english,,https://preview.saavncdn.com/310/f9c3542ff2d42b9433731e7d7e836919_96_p.mp4,https://aac.saavncdn.com/310/f9c3542ff2d42b9433731e7d7e836919_320.mp4,"Aubrey Graham, Khaled Khaled, Ozan Yildirim, David Ruoff, Elias Klughammer","566237, 613654, 777560, 843912, 843913",playlist,https://www.jiosaavn.com/song/popstar/Il0YAUd-RGY,802551,DJ Khaled,599255,2020-07-17,"{'cacheable': False, 'code': 1, 'delete_cached_object': True, 'reason': 'Unavailable'}","DJ Khaled, Drake",POPSTAR,Workout_R5s03OsU,false,,,,,2020
true,Get Low,"https://www.jiosaavn.com/album/get-low/m,tPgQLTYb0_",1157385,"{'DJ Snake': '568648', 'Dillon Francis': '609969', 'Dillon Francis &amp;': '4301772', 'Dillon Hart Francis': '706772'}",false,"(P) 2014 Wedgewood Productions, Inc. & DJ Snake Music LLC, under exclusive license to Columbia Records, a Division of Sony Music Entertainment",true,Unavailable,213,NMKyboFo/Fi0VFqJf5Q3Rw==,ID2ieOjCrwfgWvL5sXl4B1ImC5QfbsDyeCH+6kUq/E74zpc2pv2IcXdBOX2dA/kulEztleSZ8IfIzLFVDuNypBw7tS9a8Gtq,0,,,Workout,false,d6Ons7oC,https://c.saavncdn.com/250/Get-Low-English-2014-500x500.jpg,Columbia,/label/columbia-albums/wMrKglyRi74_,english,,https://preview.saavncdn.com/250/8c6286cedfaf19daadd8bfd07ce02e20_96_p.mp4,https://aac.saavncdn.com/250/8c6286cedfaf19daadd8bfd07ce02e20_320.mp4,"Dillon Hart Francis, DJ Snake","706772, 568648",playlist,https://www.jiosaavn.com/song/get-low/FF4kXwcHWHA,13042438,"Dillon Francis, DJ Snake","609969, 568648",2014-05-21,"{'cacheable': False, 'code': 1, 'delete_cached_object': True, 'reason': 'Unavailable'}","Dillon Francis, DJ Snake, Dillon Francis &",Get Low,Workout_d6Ons7oC,false,,,010910140994465,https://jiotunepreview.jio.com/content/Converted/010910140950223.mp3,2014
true,The Spectre,"https://www.jiosaavn.com/album/the-spectre/Q0y,rxspBUE_",11435390,"{'Alan Walker': '1335467', 'Anders Frøen': '1425075', 'Gunnar Greve': '1625408', 'Jesper Borgen': '822579', 'Lars Kristian Rosness': '3333918', 'Marcus Arnbekk': '3333917', 'Tommy LaVerdi': '3816787'}",false,(P) 2017 MER under exclusive license to Sony Music Entertainment Sweden AB,true,Unavailable,193,NMKyboFo/Fi0VFqJf5Q3Rw==,ID2ieOjCrwfgWvL5sXl4B1ImC5QfbsDyp4LgwxvH7qROaDyBciDWxL/v27WWMYdMB6OQ2YnFydW5qs05VlZrMxw7tS9a8Gtq,0,,,Workout,false,UT7zhBDm,https://c.saavncdn.com/532/The-Spectre-English-2017-20170831185520-500x500.jpg,MER Recordings,/label/mer-recordings-albums/qsZ9rf6CKZI_,english,,https://preview.saavncdn.com/532/b84681ac81c18c5f2ec5eb9a991dd688_96_p.mp4,https://aac.saavncdn.com/532/b84681ac81c18c5f2ec5eb9a991dd688_320.mp4,"Alan Walker, Anders FrÃ¸en, Jesper Borgen, Lars Kristian Rosness, Marcus Arnbekk","1335467, 1425075, 822579, 3333918, 3333917",playlist,https://www.jiosaavn.com/song/the-spectre/JTxcSxxyc14,20475273,Alan Walker,1335467,2017-09-15,"{'cacheable': False, 'code': 1, 'delete_cached_object': True, 'reason': 'Unavailable'}",Alan Walker,The Spectre,Workout_UT7zhBDm,false,,,010910140993799,https://jiotunepreview.jio.com/content/Converted/010910140949164.mp3,2017
true,Legends Never Die,https://www.jiosaavn.com/album/legends-never-die/zMYyk5-nCpU_,16358475,"{'Against The Current': '1242527', 'League of Legends': '865159'}",false,© 2017 Riot Games,true,Unavailable,235,NMKyboFo/Fi0VFqJf5Q3Rw==,ID2ieOjCrwfgWvL5sXl4B1ImC5QfbsDy72Rn8dLAcd/h7Amp1XTYSAlTqR24aGyztAwBfcZOSlv4SyqhzVo9VRw7tS9a8Gtq,0,,,Workout,false,n2ZJPOlI,https://c.saavncdn.com/726/Legends-Never-Die-English-2017-20190619201852-500x500.jpg,Riot Games,/label/riot-games-albums/xIcUlMTzw7Q_,english,,https://preview.saavncdn.com/726/0deb4e9f1d6fa695b21aee7265200896_96_p.mp4,https://aac.saavncdn.com/726/0deb4e9f1d6fa695b21aee7265200896_320.mp4,,,playlist,https://www.jiosaavn.com/song/legends-never-die/HloxeyR-W3o,1858721,"Against The Current, League Of Legends","1242527, 865159",2017-09-15,"{'cacheable': False, 'code': 1, 'delete_cached_object': True, 'reason': 'Unavailable'}","Against The Current, League Of Legends",Legends Never Die,Workout_n2ZJPOlI,false,,,,,2017
true,Music To Be Murdered By,https://www.jiosaavn.com/album/music-to-be-murdered-by/QHC2iIzfYhI_,18662880,"{'Eminem': '610240', 'Juice WRLD': '4693310'}",false,℗ 2020 Marshall B. Mathers III,true,Unavailable,211,NMKyboFo/Fi0VFqJf5Q3Rw==,ID2ieOjCrwfgWvL5sXl4B1ImC5QfbsDyWpOd3r+yC7ouuJap395w9aq9WO5DHNnHRPkLQ7UyVMnhOmWJI/16wxw7tS9a8Gtq,1,Juice WRLD,4693310,Workout,false,IYYZtvGK,https://c.saavncdn.com/830/Music-To-Be-Murdered-By-English-2020-20200117040807-500x500.jpg,Shady/Aftermath/Interscope Records,/label/shadyaftermathinterscope-records-albums/FL3qswMb3Ho_,english,,https://preview.saavncdn.com/830/e17defe16f9e3eda8895f83cb4676ab5_96_p.mp4,https://aac.saavncdn.com/830/e17defe16f9e3eda8895f83cb4676ab5_320.mp4,,,playlist,https://www.jiosaavn.com/song/godzilla/OTEyawBGcHg,2453648,Eminem,610240,2020-01-17,"{'cacheable': False, 'code': 1, 'delete_cached_object': True, 'reason': 'Unavailable'}","Eminem, Juice WRLD",Godzilla,Workout_IYYZtvGK,false,,,,,2020
true,On The Floor,https://www.jiosaavn.com/album/on-the-floor/pb2h0cpYxAQ_,1109202,"{'Jennifer Lopez': '547304', 'Pitbull': '565589'}",false,℗ 2011 The Island Def Jam Music Group,true,Unavailable,231,NMKyboFo/Fi0VFqJf5Q3Rw==,ID2ieOjCrwfgWvL5sXl4B1ImC5QfbsDyYwSQ/uNQMyXvCEDje6E7HpVOVHVphyi+MpI1mp2/Uo/tgmLIV/CJGxw7tS9a8Gtq,0,Pitbull,565589,Workout,false,4LS-tMcj,https://c.saavncdn.com/436/On-The-Floor-2011-500x500.jpg,Nuyorican Productions / IDJ,/label/nuyorican-productions--idj-albums/WTBMzaO2j4o_,english,,https://preview.saavncdn.com/436/ffadc6ef1535f5efc66e5f38d92d8c98_96_p.mp4,https://aac.saavncdn.com/436/ffadc6ef1535f5efc66e5f38d92d8c98_320.mp4,,,playlist,https://www.jiosaavn.com/song/on-the-floor-radio-edit/RCQ4HAB9VFk,5161438,Jennifer Lopez,547304,2011-02-22,"{'cacheable': False, 'code': 1, 'delete_cached_object': True, 'reason': 'Unavailable'}","Jennifer Lopez, Pitbull",On The Floor (Radio Edit),Workout_4LS-tMcj,false,,,,,2011
true,Please Excuse Me For Being Antisocial,https://www.jiosaavn.com/album/please-excuse-me-for-being-antisocial/c6Uzge96FA8_,18236447,{'Roddy Ricch': '4097782'},false,℗ 2019 Atlantic Recording Corporation,true,Unavailable,196,NMKyboFo/Fi0VFqJf5Q3Rw==,ID2ieOjCrwfgWvL5sXl4B1ImC5QfbsDyiFHu7TbYfLIqnicFXiDoMzLm404zQKNeif7CuIsicxiCqDIzmQoEgBw7tS9a8Gtq,1,,,Workout,false,YbTdp9kX,https://c.saavncdn.com/085/Please-Excuse-Me-For-Being-Antisocial-English-2019-20191206060655-500x500.jpg,Atlantic Records,/label/atlantic-records-albums/moT3cDqfUuo_,english,,https://preview.saavncdn.com/085/f872972c34e9d9066452ac5c8a1e394c_96_p.mp4,https://aac.saavncdn.com/085/f872972c34e9d9066452ac5c8a1e394c_320.mp4,,,playlist,https://www.jiosaavn.com/song/the-box/KQo-VQQJXGs,2176490,Roddy Ricch,4097782,2019-12-06,"{'cacheable': False, 'code': 1, 'delete_cached_object': True, 'reason': 'Unavailable'}",Roddy Ricch,The Box,Workout_YbTdp9kX,false,,,,,2019
true,Never Say Never,"https://www.jiosaavn.com/album/never-say-never/ZpQEsCo,O8k_",1117797,"{'Jaden Smith': '609084', 'Justin Bieber': '568565'}",false,℗ 2010 The Island Def Jam Music Group,true,Unavailable,227,NMKyboFo/Fi0VFqJf5Q3Rw==,ID2ieOjCrwfgWvL5sXl4B1ImC5QfbsDysAnxeyWEE3PRSPfREYMi6hm4YU0+H8LaT8yXyrTzfn5UXtreVmfsuBw7tS9a8Gtq,0,Jaden Smith,609084,Workout,false,L5rUdFH-,https://c.saavncdn.com/761/Never-Say-Never-2010-500x500.jpg,Universal Music India Pvt Ltd.,/label/universal-music-india-pvt-ltd.-albums/yCRRDUDuazo_,english,,https://preview.saavncdn.com/761/c3d767a2c7a57341b89d557edf0cd2db_96_p.mp4,https://aac.saavncdn.com/761/c3d767a2c7a57341b89d557edf0cd2db_320.mp4,,,playlist,https://www.jiosaavn.com/song/never-say-never/PF0ZZBB2fx4,4981613,Justin Bieber,568565,2010-01-01,"{'cacheable': False, 'code': 1, 'delete_cached_object': True, 'reason': 'Unavailable'}","Justin Bieber, Jaden Smith",Never Say Never,Workout_L5rUdFH-,false,,,010912291155886,https://jiotunepreview.jio.com/content/Converted/010912291112316.mp3,2010
true,Don't Start Now,https://www.jiosaavn.com/album/dont-start-now/Q53Hk0sN95c_,17796473,{'Dua Lipa': '1274170'},false,"℗ 2019 Dua Lipa Limited under exclusive license to Warner Records UK, a division of Warner Music UK Limited",true,Unavailable,183,NMKyboFo/Fi0VFqJf5Q3Rw==,ID2ieOjCrwfgWvL5sXl4B1ImC5QfbsDyM20znKUBcV2cXR0kMQmAZ4Qz8xI5BtBR96ONyBzUVWmTlrqR5nRDABw7tS9a8Gtq,0,,,Workout,false,uDhiiJL1,https://c.saavncdn.com/175/Don-t-Start-Now-English-2019-20191101000122-500x500.jpg,Warner Records,/label/warner-records-albums/8FBCbUPZpYc_,english,,https://preview.saavncdn.com/175/dd3c8955889ba3dd118309e6a858ffdf_96_p.mp4,https://aac.saavncdn.com/175/dd3c8955889ba3dd118309e6a858ffdf_320.mp4,,,playlist,https://www.jiosaavn.com/song/dont-start-now/BSwDWB16ewI,3972524,Dua Lipa,1274170,2019-10-31,"{'cacheable': False, 'code': 1, 'delete_cached_object': True, 'reason': 'Unavailable'}",Dua Lipa,Don't Start Now,Workout_uDhiiJL1,false,,,,,2019
true,Hybrid Theory,https://www.jiosaavn.com/album/hybrid-theory/YgPRvjpRzUA_,1175935,{'Linkin Park': '654619'},false,℗ 2000 Warner Records Inc.,true,Unavailable,219,NMKyboFo/Fi0VFqJf5Q3Rw==,ID2ieOjCrwfgWvL5sXl4B1ImC5QfbsDylpyhLxGmZYB0z6bBDxlMKYypdUuyYyh9bJpLcuiziMeprr8qT0kQYRw7tS9a8Gtq,0,,,Workout,false,MMSnOyFC,https://c.saavncdn.com/560/Hybrid-Theory-U-S-Version-English-2012-500x500.jpg,Warner Records,/label/warner-records-albums/8FBCbUPZpYc_,english,,https://preview.saavncdn.com/560/43f3a18239d3247daa43db48018e3ace_96_p.mp4,https://aac.saavncdn.com/560/43f3a18239d3247daa43db48018e3ace_320.mp4,,,playlist,https://www.jiosaavn.com/song/in-the-end/PSU4XztJcXA,6522173,Linkin Park,654619,2000-10-24,"{'cacheable': False, 'code': 1, 'delete_cached_object': True, 'reason': 'Unavailable'}",Linkin Park,In the End,Workout_MMSnOyFC,false,,,,,2000
true,Listen,https://www.jiosaavn.com/album/listen/IBE8mYt6oK0_,1208194,"{'Afrojack': '568666', 'Bebe Rexha': '677717', 'David Guetta': '568665', 'Nicki Minaj': '569160'}",false,"℗ 2014 What A Music Ltd, under exclusive licence to Parlophone/Warner Music France, a Warner Music Group Company",true,Unavailable,192,NMKyboFo/Fi0VFqJf5Q3Rw==,ID2ieOjCrwfgWvL5sXl4B1ImC5QfbsDyGp4PW49Kk+uGlavdTQ89DYFsjD3cB6JSndfvdFoyCttacNjQs40e2hw7tS9a8Gtq,0,"Afrojack, Bebe Rexha, Nicki Minaj","568666, 677717, 569160",Workout,false,2wFeWCi6,https://c.saavncdn.com/308/Listen-Deluxe-English-2014-500x500.jpg,Parlophone (France),"/label/parlophone-france-albums/Ca,26uC5Tf8_",english,,https://preview.saavncdn.com/308/b89da9f9fb96f1d36b39a51d171ad52c_96_p.mp4,https://aac.saavncdn.com/308/b89da9f9fb96f1d36b39a51d171ad52c_320.mp4,,,playlist,https://www.jiosaavn.com/song/hey-mama-feat.-nicki-minaj-bebe-rexha--afrojack/Qh8tVCNzXgU,7375090,David Guetta,568665,2014-11-21,"{'cacheable': False, 'code': 1, 'delete_cached_object': True, 'reason': 'Unavailable'}","David Guetta, Afrojack, Bebe Rexha, Nicki Minaj","Hey Mama (feat. Nicki Minaj, Bebe Rexha & Afrojack)",Workout_2wFeWCi6,false,,,,,2014
true,Animals,"https://www.jiosaavn.com/album/animals/ZB9D,Vle4Bg_",12114684,{'Martin Garrix': '677739'},false,℗ 2013 SpinninRecords.com,true,Unavailable,304,NMKyboFo/Fi0VFqJf5Q3Rw==,ID2ieOjCrwfgWvL5sXl4B1ImC5QfbsDyEW+zzJvSwxSmtyKnBwqP1Ug4zxuAtmVjWwHyNWoG2wz2mjWhz/K4gBw7tS9a8Gtq,1,,,Workout,false,ZUuTWdQ9,https://c.saavncdn.com/672/Animals-English-2013-20180118120505-500x500.jpg,Spinnin&#039; Records,/label/spinnin-records-albums/mYvBYnFXJZQ_,english,,https://preview.saavncdn.com/672/3eb84936a1e6dc3a8dc8c2fc7c92d3f8_96_p.mp4,https://aac.saavncdn.com/672/3eb84936a1e6dc3a8dc8c2fc7c92d3f8_320.mp4,,,playlist,https://www.jiosaavn.com/song/animals/Kj0eZSNUZgo,4788595,Martin Garrix,677739,2013-06-17,"{'cacheable': False, 'code': 1, 'delete_cached_object': True, 'reason': 'Unavailable'}",Martin Garrix,Animals,Workout_ZUuTWdQ9,false,,,,,2013
true,Meteora,"https://www.jiosaavn.com/album/meteora/MBep8FiCb,g_",1179675,{'Linkin Park': '654619'},false,℗ 2003 Warner Records Inc.,true,Unavailable,187,NMKyboFo/Fi0VFqJf5Q3Rw==,ID2ieOjCrwfgWvL5sXl4B1ImC5QfbsDyGgyZ83NeSHJROcCfEi4ac5Nx3z/KhUNkdZK/rZQuaw+J3Ox8gPvtfRw7tS9a8Gtq,0,,,Workout,false,oKRLRmub,https://c.saavncdn.com/966/Meteora-English-2014-500x500.jpg,Warner Records,/label/warner-records-albums/8FBCbUPZpYc_,english,,https://preview.saavncdn.com/966/5e314eb316f6fc0aa9eebe8f4e6606d2_96_p.mp4,https://aac.saavncdn.com/966/5e314eb316f6fc0aa9eebe8f4e6606d2_320.mp4,,,playlist,https://www.jiosaavn.com/song/numb/HyM5fSZdQlE,6681053,Linkin Park,654619,2003-03-24,"{'cacheable': False, 'code': 1, 'delete_cached_object': True, 'reason': 'Unavailable'}",Linkin Park,Numb,Workout_oKRLRmub,false,,,,,2003
true,Starboy,https://www.jiosaavn.com/album/starboy/44b7DBDpUq8_,3084994,"{'Daft Punk': '652969', 'The Weeknd': '615155'}",false,"℗ 2016 The Weeknd XO, Inc., Manufactured and Marketed by Republic Records, a Division of UMG Recordings, Inc.",true,Unavailable,230,NMKyboFo/Fi0VFqJf5Q3Rw==,ID2ieOjCrwfgWvL5sXl4B1ImC5QfbsDywMBq9Ivw1bZUsPMavqWkFMIKoLthAHDp9ezqoV11oJk8OFEEIjuj5Bw7tS9a8Gtq,0,Daft Punk,652969,Workout,false,Paem2Kf1,https://c.saavncdn.com/372/Starboy-English-2016-500x500.jpg,Universal Republic Records,/label/universal-republic-records-albums/aasCC7E95IQ_,english,,https://preview.saavncdn.com/372/38de816bee7a6df4607f1f0e6822c5bc_96_p.mp4,https://aac.saavncdn.com/372/38de816bee7a6df4607f1f0e6822c5bc_320.mp4,,,playlist,https://www.jiosaavn.com/song/starboy/IAkOXEZ7UQI,15580958,The Weeknd,615155,2016-11-25,"{'cacheable': False, 'code': 1, 'delete_cached_object': True, 'reason': 'Unavailable'}","The Weeknd, Daft Punk",Starboy,Workout_Paem2Kf1,false,,,010912291157984,https://jiotunepreview.jio.com/content/Converted/010912291114417.mp3,2016
true,Changes,https://www.jiosaavn.com/album/changes/yA1-6U6oQ9M_,19064132,"{'Justin Bieber': '568565', 'Quavo': '851375'}",false,"℗ 2020 Def Jam Recordings, a division of UMG Recordings, Inc.",true,Unavailable,213,NMKyboFo/Fi0VFqJf5Q3Rw==,ID2ieOjCrwfgWvL5sXl4B1ImC5QfbsDyOMY66rKbxZ5cXdxhf5wZg/hEFsYNNw4GJ3inz3ELHu5BJvEv6XmXlRw7tS9a8Gtq,0,Quavo,851375,Romantic,false,VNUBraQs,https://c.saavncdn.com/818/Changes-English-2020-20200214135638-500x500.jpg,RBMG/Def Jam,/label/rbmgdef-jam-albums/AzoOWboyzgA_,english,,https://preview.saavncdn.com/818/c8792bcb476db59cf7a4c2120bfccb01_96_p.mp4,https://aac.saavncdn.com/818/c8792bcb476db59cf7a4c2120bfccb01_320.mp4,,,playlist,"https://www.jiosaavn.com/song/intentions/JiY,cwZRZkA",7051981,Justin Bieber,568565,2020-02-14,"{'cacheable': False, 'code': 1, 'delete_cached_object': True, 'reason': 'Unavailable'}","Justin Bieber, Quavo",Intentions,Romantic_VNUBraQs,false,,,010912291153348,https://jiotunepreview.jio.com/content/Converted/010912291109685.mp3,2020
true,Ã·,https://www.jiosaavn.com/album/÷/KelXOKU4pi4_,10436096,{'Ed Sheeran': '578407'},false,"℗ 2017, Asylum Records UK, a division of Atlantic Records UK, a Warner Music Group company.",true,Unavailable,263,NMKyboFo/Fi0VFqJf5Q3Rw==,ID2ieOjCrwfgWvL5sXl4B1ImC5QfbsDyjLJatj30eCYo8W/T/nVreaZTbB+LPRvCYdcDxZKjYlxdk812I6LIsBw7tS9a8Gtq,0,,,Romantic,false,6o8JoQ8b,https://c.saavncdn.com/286/WMG_190295851286-English-2017-500x500.jpg,Atlantic Records UK,/label/atlantic-records-uk-albums/Nq1WxI8CVrI_,english,,https://preview.saavncdn.com/286/71bb6cc3391ddf619a4a3f1a1134f1c4_96_p.mp4,https://aac.saavncdn.com/286/71bb6cc3391ddf619a4a3f1a1134f1c4_320.mp4,,,playlist,https://www.jiosaavn.com/song/perfect/RgdTexthD1E,36722680,Ed Sheeran,578407,2017-03-03,"{'cacheable': False, 'code': 1, 'delete_cached_object': True, 'reason': 'Unavailable'}",Ed Sheeran,Perfect,Romantic_6o8JoQ8b,false,,,010910140683676,https://jiotunepreview.jio.com/content/Converted/010910140647552.mp3,2017
true,Without Me,https://www.jiosaavn.com/album/without-me/RNnaj5VLCE8_,14009833,{'Halsey': '842096'},false,"℗ 2018 Capitol Records, LLC",true,Unavailable,201,NMKyboFo/Fi0VFqJf5Q3Rw==,ID2ieOjCrwfgWvL5sXl4B1ImC5QfbsDyuI5lE7xCmtn43dtLHdYCMZb9gwEC9vHEl4BA7yjYDAuWGv+oO/EC+Rw7tS9a8Gtq,0,,,Romantic,false,NcZREsTd,https://c.saavncdn.com/934/Without-Me-English-2018-20181004002943-500x500.jpg,Capitol Records,/label/capitol-records-albums/aPiy2M7-D5A_,english,,https://preview.saavncdn.com/934/987060d42df6a5201eb5ac98166e03ea_96_p.mp4,https://aac.saavncdn.com/934/987060d42df6a5201eb5ac98166e03ea_320.mp4,,,playlist,https://www.jiosaavn.com/song/without-me/PgsxYzFDY1c,14242456,Halsey,842096,2018-10-04,"{'cacheable': False, 'code': 1, 'delete_cached_object': True, 'reason': 'Unavailable'}",Halsey,Without Me,Romantic_NcZREsTd,false,,,010912291152160,https://jiotunepreview.jio.com/content/Converted/010912291108436.mp3,2018
true,Girls Like You,https://www.jiosaavn.com/album/girls-like-you/Z1SllYQkM24_,12975468,"{'Cardi B': '1261541', 'Maroon 5': '597966'}",false,℗ 2018 Interscope Records (222 Records),true,Unavailable,236,NMKyboFo/Fi0VFqJf5Q3Rw==,ID2ieOjCrwfgWvL5sXl4B1ImC5QfbsDygijD/m89xH0ysiesh5n0SM0nlQq3JbUjygW8nNjsSjSPwo++K9XZqhw7tS9a8Gtq,0,Cardi B,1261541,Romantic,false,idoLJICu,https://c.saavncdn.com/016/Girls-Like-You-English-2018-20180529030200-500x500.jpg,Interscope Records*,/label/interscope-records*-albums/NB0wm6PHubU_,english,,https://preview.saavncdn.com/016/160a7cfbbf0eff43e3bea7d7278eb94c_96_p.mp4,https://aac.saavncdn.com/016/160a7cfbbf0eff43e3bea7d7278eb94c_320.mp4,,,playlist,https://www.jiosaavn.com/song/girls-like-you/GQwEfT55dEY,42813775,Maroon 5,597966,2018-05-31,"{'cacheable': False, 'code': 1, 'delete_cached_object': True, 'reason': 'Unavailable'}","Maroon 5, Cardi B",Girls Like You,Romantic_idoLJICu,false,,,010912291154253,https://jiotunepreview.jio.com/content/Converted/010912291110460.mp3,2018
true,My World 2.0,https://www.jiosaavn.com/album/my-world-2.0/vXJ-NsuJF4c_,1194336,"{'Justin Bieber': '568565', 'Ludacris': '487008'}",false,℗ 2010 The Island Def Jam Music Group,true,Unavailable,216,NMKyboFo/Fi0VFqJf5Q3Rw==,ID2ieOjCrwfgWvL5sXl4B1ImC5QfbsDyESV5RhUrR2uN1DtwX5edZNougx4xEFMemu6Ed1/LseLvpWmshrjnERw7tS9a8Gtq,0,Ludacris,487008,Romantic,false,H0IRhlNT,https://c.saavncdn.com/728/My-World-2-0-English-2010-20200606003742-500x500.jpg,RBMG/Def Jam,/label/rbmgdef-jam-albums/AzoOWboyzgA_,english,,https://preview.saavncdn.com/728/94485509c750427c19faa074404292c8_96_p.mp4,https://aac.saavncdn.com/728/94485509c750427c19faa074404292c8_320.mp4,,,playlist,https://www.jiosaavn.com/song/baby/OFgiYxxceWc,22082649,Justin Bieber,568565,2010-03-23,"{'cacheable': False, 'code': 1, 'delete_cached_object': True, 'reason': 'Unavailable'}","Justin Bieber, Ludacris",Baby,Romantic_H0IRhlNT,false,,,010912291155887,https://jiotunepreview.jio.com/content/Converted/010912291112317.mp3,2010
true,Blinding Lights,https://www.jiosaavn.com/album/blinding-lights/N4KNvkLjGHw_,18109334,{'The Weeknd': '615155'},false,"℗ 2019 The Weeknd XO, Inc., manufactured and marketed by Republic Records, a division of UMG Recordings, Inc.",,,204,NMKyboFo/FhV/8R6y6uuLFAcCUp7f2fxmk2kd7EavgXDGSEv0IoYj0MMaMXashy4,ID2ieOjCrwfgWvL5sXl4B1ImC5QfbsDye+FMwO6goFxGmTux3bmZz0z41s4msPBrYH0J7LMMTwGHoD2eMmjfkRw7tS9a8Gtq,0,,,Romantic,false,QpDl3QKF,https://c.saavncdn.com/167/Blinding-Lights-English-2019-20191128231033-500x500.jpg,Republic Records,"/label/republic-records-albums/wxE6,xIlwxo_",english,,https://preview.saavncdn.com/167/7d38d0a6d8bb2decb2ffcfc648f4d835_96_p.mp4,https://aac.saavncdn.com/167/7d38d0a6d8bb2decb2ffcfc648f4d835_320.mp4,,,playlist,https://www.jiosaavn.com/song/blinding-lights/IRgvXUdhfHU,5714195,The Weeknd,615155,2019-11-29,"{'cacheable': True, 'code': 0, 'delete_cached_object': False, 'reason': ''}",The Weeknd,Blinding Lights,Romantic_QpDl3QKF,false,,,010912291152065,https://jiotunepreview.jio.com/content/Converted/010912291108341.mp3,2019
true,Dusk Till Dawn (Radio Edit),https://www.jiosaavn.com/album/dusk-till-dawn-radio-edit/4a-qawJxiqo_,11453840,"{'Alex Oriet': '1058756', 'David Phelan': '1058759', 'Greg Kurstin': '566183', 'Sia': '568707', 'Zayn Malik': '577203'}",false,"(P) 2017 RCA Records, a division of Sony Music Entertainment",true,Unavailable,239,NMKyboFo/Fi0VFqJf5Q3Rw==,ID2ieOjCrwfgWvL5sXl4B1ImC5QfbsDyZF7QPh5L0eV9eFGHbr0rUlGPKsnxayzJOWkrmAjBpHYHRwd16leDvRw7tS9a8Gtq,0,Sia,568707,Romantic,false,SxdL_VN6,https://c.saavncdn.com/896/Dusk-Till-Dawn-Radio-Edit--English-2017-20170905191749-500x500.jpg,RCA Records Label,/label/rca-records-label-albums/pNms9lY2pSI_,english,,https://preview.saavncdn.com/896/ad19c4a75775ccdef32905de23fc10c5_96_p.mp4,https://aac.saavncdn.com/896/ad19c4a75775ccdef32905de23fc10c5_320.mp4,"Zayn Malik, Greg Kurstin, Sia, Alex Oriet, David Phelan","577203, 566183, 568707, 1058756, 1058759",playlist,https://www.jiosaavn.com/song/dusk-till-dawn-radio-edit/IxAPfStmeQU,40028184,Zayn Malik,577203,2017-09-07,"{'cacheable': False, 'code': 1, 'delete_cached_object': True, 'reason': 'Unavailable'}","Zayn Malik, Sia",Dusk Till Dawn (Radio Edit),Romantic_SxdL_VN6,false,,,,,2017
true,A Thousand Years,https://www.jiosaavn.com/album/a-thousand-years/31jVW2h-0sQ_,10374212,{'Christina Perri': '658880'},false,℗ 2011 Atlantic Recording Corporation,true,Unavailable,287,NMKyboFo/Fi0VFqJf5Q3Rw==,ID2ieOjCrwfgWvL5sXl4B1ImC5QfbsDyo5mXELV7qf1EUNlaxVwY+oCL1gALyW0b0oqCDkO5l5E7AzH3O2g7Fhw7tS9a8Gtq,0,,,Romantic,false,e1HV3Ubv,https://c.saavncdn.com/912/A-Thousand-Years-English-2011-500x500.jpg,Atlantic Records,/label/atlantic-records-albums/moT3cDqfUuo_,english,,https://preview.saavncdn.com/912/30c95b934ad0de808d07e5e2cd8aa4b1_96_p.mp4,https://aac.saavncdn.com/912/30c95b934ad0de808d07e5e2cd8aa4b1_320.mp4,,,playlist,https://www.jiosaavn.com/song/a-thousand-years/FVkjZ0dlVUU,16849056,Christina Perri,658880,2011-10-18,"{'cacheable': False, 'code': 1, 'delete_cached_object': True, 'reason': 'Unavailable'}",Christina Perri,A Thousand Years,Romantic_e1HV3Ubv,false,,,,,2011
true,Something Just Like This,https://www.jiosaavn.com/album/something-just-like-this/TMJs0WfIbJI_,10290258,"{'Andrew Taggart': '698794', 'Christopher Martin': '558203', 'Coldplay': '575153', 'Guy Berryman': '568817', 'Jonny Buckland': '568818', 'The Chainsmokers': '615629', 'The Chainsmokers &amp; Coldplay': '3931659', 'Will Champion': '568819'}",false,(P) 2017 Disruptor Records/Columbia Records,true,Unavailable,247,NMKyboFo/Fi0VFqJf5Q3Rw==,ID2ieOjCrwfgWvL5sXl4B1ImC5QfbsDyRCUmKFaxu0HoKRkFtgdODO63qHzsdSL1q1S7fzGrClmivOOkv633PRw7tS9a8Gtq,0,,,Romantic,false,Grohf5-o,https://c.saavncdn.com/168/Something-Just-Like-This-English-2017-500x500.jpg,Disruptor Records/Columbia,/label/disruptor-recordscolumbia-albums/cjhoLKVo69c_,english,,https://preview.saavncdn.com/168/c3ff67fbe7ab6cac1e90d8e3499c51d5_96_p.mp4,https://aac.saavncdn.com/168/c3ff67fbe7ab6cac1e90d8e3499c51d5_320.mp4,"Andrew Taggart, Christopher Martin, Will Champion, Guy Berryman, Jonny Buckland","698794, 558203, 568819, 568817, 568818",playlist,https://www.jiosaavn.com/song/something-just-like-this/NxoEWRIFGlw,51775100,"The Chainsmokers, Coldplay","615629, 575153",2017-02-22,"{'cacheable': False, 'code': 1, 'delete_cached_object': True, 'reason': 'Unavailable'}","The Chainsmokers, Coldplay, The Chainsmokers & Coldplay",Something Just Like This,Romantic_Grohf5-o,false,,,010910140587936,https://jiotunepreview.jio.com/content/Converted/010910140558508.mp3,2017
true,Nobody's Love,"https://www.jiosaavn.com/album/nobodys-love/hvuHY,bvgq4_",21625673,{'Maroon 5': '597966'},false,℗ 2020 Interscope Records,true,Unavailable,211,NMKyboFo/Fi0VFqJf5Q3Rw==,ID2ieOjCrwfgWvL5sXl4B1ImC5QfbsDygBnkyg85pAWWbej7oJTuADxHMdhtTmQkON+eo9H7l+gEDwCerNqIvhw7tS9a8Gtq,0,,,Romantic,false,P1Ql8Alh,https://c.saavncdn.com/501/Nobody-s-Love-English-2020-20200724041046-500x500.jpg,222 Records/Interscope Records,"/label/222-recordsinterscope-records-albums/l,-l6M53Vpg_",english,,https://preview.saavncdn.com/501/5bb27f261b939cf4bbbe0e4b1b1c888c_96_p.mp4,https://aac.saavncdn.com/501/5bb27f261b939cf4bbbe0e4b1b1c888c_320.mp4,,,playlist,https://www.jiosaavn.com/song/nobodys-love/IFk6XUxxW1s,756643,Maroon 5,597966,2020-07-24,"{'cacheable': False, 'code': 1, 'delete_cached_object': True, 'reason': 'Unavailable'}",Maroon 5,Nobody's Love,Romantic_P1Ql8Alh,false,,,010912291170741,https://jiotunepreview.jio.com/content/Converted/010912291126949.mp3,2020
true,SeÃ±orita,https://www.jiosaavn.com/album/senorita/0nJHhHxJCXM_,16253249,"{'Camila Cabello': '1342580', 'Shawn Mendes': '739614'}",false,"℗ 2019 Island Records, a division of UMG Recordings, Inc.",true,Unavailable,191,NMKyboFo/Fi0VFqJf5Q3Rw==,ID2ieOjCrwfgWvL5sXl4B1ImC5QfbsDyBiAB0s2HlibO9xBsoKrY6km8KiiJUMRRDUO7HXhfchAwnVENz7nWEhw7tS9a8Gtq,0,,,Romantic,false,S3dGvXSb,https://c.saavncdn.com/624/Se-orita-English-2019-20190822022326-500x500.jpg,Island Records,/label/island-records-albums/qH-QS7wxabg_,english,,https://preview.saavncdn.com/624/08f3aeb374b4b6d641c47a0400b52db2_96_p.mp4,https://aac.saavncdn.com/624/08f3aeb374b4b6d641c47a0400b52db2_320.mp4,,,playlist,https://www.jiosaavn.com/song/senorita/I1sPdgJoZFE,75084231,"Shawn Mendes, Camila Cabello","739614, 1342580",2019-06-21,"{'cacheable': False, 'code': 1, 'delete_cached_object': True, 'reason': 'Unavailable'}","Shawn Mendes, Camila Cabello",SeÃ±orita,Romantic_S3dGvXSb,false,,,010910141100346,https://jiotunepreview.jio.com/content/Converted/010910141056959.mp3,2019
true,Closer,https://www.jiosaavn.com/album/closer/Iq5OLuWgOKo_,2471212,"{'Andrew Taggart': '698794', 'Ashley Frangipane': '842097', 'Frederic Kennett': '1984239', 'Halsey': '842096', 'Isaac Slade': '576514', 'Joseph King': '576515', 'Shaun Frank': '843801', 'The Chainsmokers': '615629'}",false,(P) 2016 Disruptor Records/Columbia Records,true,Unavailable,249,NMKyboFo/Fi0VFqJf5Q3Rw==,ID2ieOjCrwfgWvL5sXl4B1ImC5QfbsDy7pg2L3o45/ZDrf67LdqLK7FsAVlt4ibHupU7HVKFD7AxXHoiuTYhIBw7tS9a8Gtq,0,Halsey,842096,Romantic,false,QUNHFVVV,https://c.saavncdn.com/147/Closer-English-2016-500x500.jpg,Disruptor Records/Columbia,/label/disruptor-recordscolumbia-albums/cjhoLKVo69c_,english,,https://preview.saavncdn.com/147/88201a8381e13cd6a9399f4bbfc5b7e9_96_p.mp4,https://aac.saavncdn.com/147/88201a8381e13cd6a9399f4bbfc5b7e9_320.mp4,"Andrew Taggart, Shaun Frank, Frederic Kennett, Ashley Frangipane, Isaac Slade, Joseph King","698794, 843801, 1984239, 842097, 576514, 576515",playlist,https://www.jiosaavn.com/song/closer/IT0leTJmYWU,97693199,The Chainsmokers,615629,2016-07-29,"{'cacheable': False, 'code': 1, 'delete_cached_object': True, 'reason': 'Unavailable'}","The Chainsmokers, Halsey",Closer,Romantic_QUNHFVVV,false,,,010910140490618,https://jiotunepreview.jio.com/content/Converted/010910140479886.mp3,2016
true,Sugar & Brownies,https://www.jiosaavn.com/album/sugar--brownies/LhJxXKlFZFg_,15458598,"{'DHARIA': '5547829', 'Daria Comanescu': '4542213', 'Iarina Comanescu': '4639533'}",false,"(P) 2019 Ultra Records, LLC",true,Unavailable,197,NMKyboFo/Fi0VFqJf5Q3Rw==,ID2ieOjCrwfgWvL5sXl4B1ImC5QfbsDy07cSLVLejbwP+7uR41W/jz4u8qG5kUSE2GfXZhODLtPZqyxAo4ehZBw7tS9a8Gtq,0,,,Romantic,false,oIkcgpup,https://c.saavncdn.com/059/Sugar-Brownies-English-2019-20190326005637-500x500.jpg,"Ultra Records, LLC",/label/ultra-records-llc-albums/Zy9Eq3jRyhs_,english,,https://preview.saavncdn.com/059/eb681d882472ed0f8a5996b379f27379_96_p.mp4,https://aac.saavncdn.com/059/eb681d882472ed0f8a5996b379f27379_320.mp4,"Daria Comanescu, Iarina Comanescu","4542213, 4639533",playlist,https://www.jiosaavn.com/song/sugar--brownies/HyEAUhNAQkM,28204860,DHARIA,5547829,2019-04-05,"{'cacheable': False, 'code': 1, 'delete_cached_object': True, 'reason': 'Unavailable'}",DHARIA,Sugar & Brownies,Romantic_oIkcgpup,false,,,,,2019
true,Yummy,"https://www.jiosaavn.com/album/yummy/,-8alCVBgwk_",18491565,{'Justin Bieber': '568565'},false,"℗ 2019 Def Jam Recordings, a division of UMG Recordings, Inc.",true,Unavailable,208,NMKyboFo/Fi0VFqJf5Q3Rw==,ID2ieOjCrwfgWvL5sXl4B1ImC5QfbsDyG5Apmi8bO4vOdX13jY2jdumgfbaFKwc94zN4inUz+2aOsT/1oInNdxw7tS9a8Gtq,0,,,Romantic,false,Oc72uyuq,https://c.saavncdn.com/522/Yummy-English-2020-20200103035142-500x500.jpg,RBMG/Def Jam,/label/rbmgdef-jam-albums/AzoOWboyzgA_,english,,https://preview.saavncdn.com/522/91418fe99e4edafa08a1a874fadf40a5_96_p.mp4,https://aac.saavncdn.com/522/91418fe99e4edafa08a1a874fadf40a5_320.mp4,,,playlist,https://www.jiosaavn.com/song/yummy/PwtcAwFJQkI,14413277,Justin Bieber,568565,2020-01-03,"{'cacheable': False, 'code': 1, 'delete_cached_object': True, 'reason': 'Unavailable'}",Justin Bieber,Yummy,Romantic_Oc72uyuq,false,,,010912291153337,https://jiotunepreview.jio.com/content/Converted/010912291109674.mp3,2020
true,Stuck with U,"https://www.jiosaavn.com/album/stuck-with-u/09kVR,7RH4k_",20268332,"{'Ariana Grande': '589552', 'Justin Bieber': '568565'}",false,"℗ 2020 Silent Records Ventures, LLC, Def Jam Recordings, a division of UMG Recordings, Inc., and Republic Records, a division of UMG Recordings, Inc.",true,Unavailable,228,NMKyboFo/Fi0VFqJf5Q3Rw==,ID2ieOjCrwfgWvL5sXl4B1ImC5QfbsDyyupoB2qr65FJIcksVjtED8OUdxKkSdBKMGTA72BmbIccyIBxIdAyyRw7tS9a8Gtq,0,,,Romantic,false,C9_s3NUf,https://c.saavncdn.com/307/Stuck-with-U-English-2020-20200508041707-500x500.jpg,Ariana Grande &amp; Justin Bieber &quot;Stuck With U&quot;- Charity,/label/ariana-grande--justin-bieber-stuck-with-u--charity-albums/LtG42KRxYlU_,english,,https://preview.saavncdn.com/307/d683b3b75b1b38d43288ba585ea46082_96_p.mp4,https://aac.saavncdn.com/307/d683b3b75b1b38d43288ba585ea46082_320.mp4,,,playlist,"https://www.jiosaavn.com/song/stuck-with-u/M1E0Qkd,YlU",5641841,"Ariana Grande, Justin Bieber","589552, 568565",2020-05-08,"{'cacheable': False, 'code': 1, 'delete_cached_object': True, 'reason': 'Unavailable'}","Ariana Grande, Justin Bieber",Stuck with U,Romantic_C9_s3NUf,false,,,010912291153399,https://jiotunepreview.jio.com/content/Converted/010912291109736.mp3,2020
true,Ignite,https://www.jiosaavn.com/album/ignite/VpAc4ZwKqsk_,12806077,"{'Alan Walker': '1335467', 'Julie Bergan': '716322', 'K-391': '850926', 'SeungRi': '4394564'}",false,(P) 2018 MER exclusively licensed to Liquid State,true,Unavailable,210,NMKyboFo/Fi0VFqJf5Q3Rw==,ID2ieOjCrwfgWvL5sXl4B1ImC5QfbsDy+++yojxqRso0hpNRi0KpK2l0xB2TvzVGckOGKmW/SoUMC9RLMhuovRw7tS9a8Gtq,0,SeungRi,4394564,Romantic,false,QW2Cc9f_,https://c.saavncdn.com/014/Ignite-English-2018-20180615143214-500x500.jpg,Mer,/label/mer-albums/SPMQju6rDIE_,english,,https://preview.saavncdn.com/014/5a1c76a6977a2aab6e5bfcc1adbe029f_96_p.mp4,https://aac.saavncdn.com/014/5a1c76a6977a2aab6e5bfcc1adbe029f_320.mp4,,,playlist,https://www.jiosaavn.com/song/ignite/IT9ZchcJUWw,19344738,"Alan Walker, Julie Bergan, K-391","1335467, 716322, 850926",2018-05-11,"{'cacheable': False, 'code': 1, 'delete_cached_object': True, 'reason': 'Unavailable'}","Alan Walker, Julie Bergan, K-391, SeungRi",Ignite,Romantic_QW2Cc9f_,false,,,,,2018
true,Encore,https://www.jiosaavn.com/album/encore/4iGw272FXHY_,2502208,"{'DJ Snake': '568648', 'Justin Bieber': '568565'}",false,℗ 2016 DJ Snake Music,true,Unavailable,205,NMKyboFo/Fi0VFqJf5Q3Rw==,ID2ieOjCrwfgWvL5sXl4B1ImC5QfbsDybn6+1ArlR65DXyfmERgXytmFmYCqu6vdEDPyJ6nqm+l87Pb/ExKuGhw7tS9a8Gtq,0,Justin Bieber,568565,Romantic,false,j8hvJDPs,https://c.saavncdn.com/273/Encore-English-2016-20190419221937-500x500.jpg,DJ Snake Def Jam,/label/dj-snake-def-jam-albums/VQxOABqzn-c_,english,,https://preview.saavncdn.com/273/d1912077904b928c57eeb27b4b61d068_96_p.mp4,https://aac.saavncdn.com/273/d1912077904b928c57eeb27b4b61d068_320.mp4,,,playlist,https://www.jiosaavn.com/song/let-me-love-you/GlADRz50Z0A,85326472,DJ Snake,568648,2016-08-05,"{'cacheable': False, 'code': 1, 'delete_cached_object': True, 'reason': 'Unavailable'}","DJ Snake, Justin Bieber",Let Me Love You,Romantic_j8hvJDPs,false,,,010912291156078,https://jiotunepreview.jio.com/content/Converted/010912291112421.mp3,2016
true,Faded,https://www.jiosaavn.com/album/faded/B6ufo1iqJP0_,10027005,"{'Alan Walker': '1335467', 'Anders Frøen': '1425075', 'Gunnar Greve': '1625408', 'Jesper Borgen': '822579'}",false,(P) 2015 MER Musikk under exclusive license to Sony Music Entertainment Sweden AB,true,Unavailable,212,NMKyboFo/Fi0VFqJf5Q3Rw==,ID2ieOjCrwfgWvL5sXl4B1ImC5QfbsDyGcsVK7HbB7/wG7z717YnNomqC10KstJpC06ipJaVUvhWsjY8e3W4wRw7tS9a8Gtq,0,,,Romantic,false,1xqHQw3J,https://c.saavncdn.com/981/Faded-English-2015-500x500.jpg,MER Recordings,/label/mer-recordings-albums/qsZ9rf6CKZI_,english,,https://preview.saavncdn.com/981/ff704210de1a556e6d59fe7241f94983_96_p.mp4,https://aac.saavncdn.com/981/ff704210de1a556e6d59fe7241f94983_320.mp4,"Alan Walker, Jesper Borgen, Anders FrÃ¸en, Gunnar Greve","1335467, 822579, 1425075, 1625408",playlist,https://www.jiosaavn.com/song/faded/QRAaeSVHBHk,85964611,Alan Walker,1335467,2015-12-04,"{'cacheable': False, 'code': 1, 'delete_cached_object': True, 'reason': 'Unavailable'}",Alan Walker,Faded,Romantic_1xqHQw3J,false,,,010910140238489,https://jiotunepreview.jio.com/content/Converted/010910140251133.mp3,2015
true,Shape of You,https://www.jiosaavn.com/album/shape-of-you/LYFPGAzSOik_,3320300,{'Ed Sheeran': '578407'},false,"℗ 2017, Asylum Records UK, a division of Atlantic Records UK, a Warner Music Group company.",true,Unavailable,233,NMKyboFo/Fi0VFqJf5Q3Rw==,ID2ieOjCrwfgWvL5sXl4B1ImC5QfbsDyrbd+HcWncZZoemb80Tc5P2Jgrpnh/kigWgy0UPcVXF1Z4sdM/ulXnBw7tS9a8Gtq,0,,,Romantic,false,icJam_5l,https://c.saavncdn.com/126/Shape-of-You-English-2017-500x500.jpg,Atlantic Records UK,/label/atlantic-records-uk-albums/Nq1WxI8CVrI_,english,,https://preview.saavncdn.com/126/da7cde34b008294e181842062530546d_96_p.mp4,https://aac.saavncdn.com/126/da7cde34b008294e181842062530546d_320.mp4,,,playlist,https://www.jiosaavn.com/song/shape-of-you/GQshUBlvAl8,103370819,Ed Sheeran,578407,2017-01-06,"{'cacheable': False, 'code': 1, 'delete_cached_object': True, 'reason': 'Unavailable'}",Ed Sheeran,Shape of You,Romantic_icJam_5l,false,,,010910140490610,https://jiotunepreview.jio.com/content/Converted/010910140479402.mp3,2017
true,Don't Let Me Down,https://www.jiosaavn.com/album/dont-let-me-down/Vm0gIkvFBtw_,2022534,"{'Andrew Taggart': '698794', 'Daya': '790582', 'Emily Warren': '698397', 'Scott Harris': '740039', 'The Chainsmokers': '615629'}",false,(P) 2015 Disruptor Records/Columbia Records,true,Unavailable,208,NMKyboFo/Fi0VFqJf5Q3Rw==,ID2ieOjCrwfgWvL5sXl4B1ImC5QfbsDy79FBopCvqObqXpFUwYhh9jR1KG6Bqwepb7x+pIbRkBcgaompk/4U2xw7tS9a8Gtq,0,Daya,790582,Romantic,false,rhdnRJOM,https://c.saavncdn.com/848/Don-t-Let-Me-Down-English-2016-500x500.jpg,Disruptor Records/Columbia,/label/disruptor-recordscolumbia-albums/cjhoLKVo69c_,english,,https://preview.saavncdn.com/848/e0a7b609705dbbb6e387a41582ca3b31_96_p.mp4,https://aac.saavncdn.com/848/e0a7b609705dbbb6e387a41582ca3b31_320.mp4,"Andrew Taggart, Emily Warren, Scott Harris","698794, 698397, 740039",playlist,https://www.jiosaavn.com/song/dont-let-me-down/AgAPXyZ6eH4,57988731,The Chainsmokers,615629,2016-02-05,"{'cacheable': False, 'code': 1, 'delete_cached_object': True, 'reason': 'Unavailable'}","The Chainsmokers, Daya",Don't Let Me Down,Romantic_rhdnRJOM,false,,,010910140238665,https://jiotunepreview.jio.com/content/Converted/010910140251309.mp3,2016
true,Mirchi,"https://www.jiosaavn.com/album/mirchi/u5M,jA6bCWA_",23033726,"{'DIVINE': '653605', 'MC Altaf': '5007373', 'Phenom': '958448', 'Stylo G': '710789'}",false,℗ 2020 Mass Appeal India / Gully Gang,,,192,NMKyboFo/FjDs52Q12WLdsP7ppw9pnVRgqtOKTGI35GE8ob9A/AtXfscXiPGAVAS,ID2ieOjCrwfgWvL5sXl4B1ImC5QfbsDyn25fVg36xkt0Z8rwtsXJ55Nb+ZGz6U0+tpTnEMFD/tDk2OjOtM2S9hw7tS9a8Gtq,0,"MC Altaf, Stylo G, Phenom","5007373, 710789, 958448",HipHopParty,true,UQ3l9-R4,https://c.saavncdn.com/874/Mirchi-Hindi-2020-20201014053313-500x500.jpg,Universal Music India Pvt Ltd.,/label/universal-music-india-pvt-ltd.-albums/yCRRDUDuazo_,hindi,"Girl, do you feel me?",https://preview.saavncdn.com/874/47b2ff2276462fe9531325da82f0e1e6_96_p.mp4,https://aac.saavncdn.com/874/47b2ff2276462fe9531325da82f0e1e6_320.mp4,,,playlist,https://www.jiosaavn.com/song/mirchi/JTlYXU0dZQc,657903,DIVINE,653605,2020-10-16,"{'cacheable': True, 'code': 0, 'delete_cached_object': False, 'reason': ''}","DIVINE, MC Altaf, Stylo G, Phenom",Mirchi,HipHopParty_UQ3l9-R4,false,,,010912291188766,https://jiotunepreview.jio.com/content/Converted/010912291145101.mp3,2020
true,Firse Machayenge,https://www.jiosaavn.com/album/firse-machayenge/oQ7stI17hjs_,19059494,"{'Emiway Bantai': '2985822', 'Tony James': '649155'}",false,© 2020 Shaikh Mohd Billal,,,207,NMKyboFo/Fj5LBA2IIr+nbrzbe+ICiKegnv7mR6WFhPwazd4PrAeu+z7+btv1Tla,ID2ieOjCrwfgWvL5sXl4B1ImC5QfbsDyOjK6EcqJ+e3ZdAdSD+i7XC5GDWRovWHZBs65aQXWxdjdqDPSojW55Bw7tS9a8Gtq,0,,,HipHopParty,true,ap8jB4xK,https://c.saavncdn.com/182/Firse-Machayenge-Hindi-2020-20200214015709-500x500.jpg,Artist Aloud_APP,/label/artist-aloud_app-albums/CcealP3JguM_,hindi,duusare ke pyaar mein girane se tuje bacha raha hoon,https://preview.saavncdn.com/182/5246b8a9933b0bfa595561099aaed67a_96_p.mp4,https://aac.saavncdn.com/182/5246b8a9933b0bfa595561099aaed67a_320.mp4,Tony James,649155,playlist,https://www.jiosaavn.com/song/firse-machayenge/ERhTWzYET3g,47465977,Emiway Bantai,2985822,2020-02-14,"{'cacheable': True, 'code': 0, 'delete_cached_object': False, 'reason': ''}",Emiway Bantai,Firse Machayenge,HipHopParty_ap8jB4xK,false,,,010910091131700,https://jiotunepreview.jio.com/content/Converted/010910091088307.mp3,2020
true,Paagal,https://www.jiosaavn.com/album/paagal/v8A7ebOJLpg_,16522350,{'Badshah': '456863'},false,(P) 2019 Sony Music Entertainment India Pvt. Ltd.,true,Pro Only,171,NMKyboFo/Fi0VFqJf5Q3Rw==,ID2ieOjCrwfgWvL5sXl4B1ImC5QfbsDyPqgW4rf4QM6hiVwE4ddCVi+Uuj8/PeJSg2ckpjEnkIwr+vsDkaZHuxw7tS9a8Gtq,0,,,HipHopParty,true,PgQxx9sQ,https://c.saavncdn.com/831/Paagal-Hindi-2019-20190709070816-500x500.jpg,Sony Music Entertainment India Pvt. Ltd.,/label/sony-music-entertainment-india-pvt.-ltd.-albums/LaFAA6h1q2U_,hindi,"Ye ladki paagal hai, paagal hai",https://preview.saavncdn.com/831/dbf5d116d73b1f90cb65f1619bcc045d_96_p.mp4,https://aac.saavncdn.com/831/dbf5d116d73b1f90cb65f1619bcc045d_320.mp4,Badshah,456863,playlist,https://www.jiosaavn.com/song/paagal/IA86SQwJRGI,86105934,Badshah,456863,2019-07-10,"{'cacheable': True, 'code': 1, 'delete_cached_object': False, 'reason': 'Pro Only'}",Badshah,Paagal,HipHopParty_PgQxx9sQ,false,,,010910140983213,https://jiotunepreview.jio.com/content/Converted/010910140938925.mp3,2019
true,Loca,https://www.jiosaavn.com/album/loca/IY1WOLCCR4s_,19300240,"{'Hommie Dilliwala': '5279263', 'Lil Golu': '714916', 'Simar Kaur': '771989', 'Singhsta': '1878956', 'Yo Yo Honey Singh': '485956'}",false,℗ 2020 Super Cassettes Industries Private Limited,,,210,NMKyboFo/Fg7KMVUNtK2NxksAnHBrxT15IM1GScAOKuRW4+AGsf9Wo8u3Ncx0Mtr,ID2ieOjCrwfgWvL5sXl4B1ImC5QfbsDyvqaIOvuxms0bHuvU74cRqVVC2vZDG5Hgntz25aZWPK3iXuXi8oihNRw7tS9a8Gtq,0,,,HipHopParty,true,ZqBC0q0b,https://c.saavncdn.com/882/Loca-Hindi-2020-20200302234001-500x500.jpg,T-Series,/label/t-series-albums/6DLuXO3VoTo_,hindi,I m going loca loca loca,https://preview.saavncdn.com/882/436303f568fc04e712fe417f80561122_96_p.mp4,https://aac.saavncdn.com/882/436303f568fc04e712fe417f80561122_320.mp4,Yo Yo Honey Singh,485956,playlist,https://www.jiosaavn.com/song/loca/KhkpckRBB1E,29272017,"Yo Yo Honey Singh, Simar Kaur","485956, 771989",2020-03-03,"{'cacheable': True, 'code': 0, 'delete_cached_object': False, 'reason': ''}","Yo Yo Honey Singh, Simar Kaur",Loca,HipHopParty_ZqBC0q0b,false,,,010910091131711,https://jiotunepreview.jio.com/content/Converted/010910091088427.mp3,2020
true,Mr. Nair,https://www.jiosaavn.com/album/mr.-nair/Nlwrp2Ds9iQ_,19558249,{'Raftaar': '458918'},false,© 2020 Zee Music Company,,,180,NMKyboFo/Fi6WGEDz6k2Vpst5tVb2sH3lI1NBcwUxqJ4QbRSFHPyHDx9hGQtkicd,ID2ieOjCrwfgWvL5sXl4B1ImC5QfbsDyWUvEfsodsVP3/ONK2nXfmh8v87zLze1MHNsBNVD2U1RD+fY6dn4CKBw7tS9a8Gtq,0,,,HipHopParty,true,azFed99s,https://c.saavncdn.com/149/Mr-Nair-Hindi-2020-20200322213507-500x500.jpg,Zee Music Co.,/label/zee-music-co.-albums/06cepoPTlhU_,hindi,jaise hi move tu karti hai lagata hai jaan se maaregi,https://preview.saavncdn.com/149/a2c70a2f69a57f2c94ad7c37b6628c2e_96_p.mp4,https://aac.saavncdn.com/149/a2c70a2f69a57f2c94ad7c37b6628c2e_320.mp4,Raftaar,458918,playlist,https://www.jiosaavn.com/song/move/ERItVBAJDkA,6395575,Raftaar,458918,2020-03-23,"{'cacheable': True, 'code': 0, 'delete_cached_object': False, 'reason': ''}",Raftaar,Move,HipHopParty_azFed99s,false,Raftaar,,010910441136886,https://jiotunepreview.jio.com/content/Converted/010910441093313.mp3,2020
true,Judgementall Hai Kya,https://www.jiosaavn.com/album/judgementall-hai-kya/Y0P1rL-PNck_,16511670,"{'Kangana Ranaut': '468067', 'Lisa Mishra': '4924361', 'Navv Inder': '1214651', 'Raja Kumari': '702496', 'Rajkummar Rao': '702528', 'Tanishk Bagchi': '1595701'}",false,© 2019 Zee Music Company,,,196,NMKyboFo/FgUz1zR4w7ZeSw/SrQl2K2XSFv7WXmlJONWBFu7+O1XNVux5doHIWFz,ID2ieOjCrwfgWvL5sXl4B1ImC5QfbsDyIAvEZV9BVY1O3PUoMHDyrxtQzVLB3FhDIOiCRfHPrQF0uLfuQISvIBw7tS9a8Gtq,0,,,HipHopParty,true,15QJDYRz,https://c.saavncdn.com/202/Judgementall-Hai-Kya-Hindi-2019-20190719211922-500x500.jpg,Zee Music Co.,/label/zee-music-co.-albums/06cepoPTlhU_,hindi,"Ki ae Gucci, Armani pichhe roldi jawani",https://preview.saavncdn.com/202/6777fa0bd7d4b8662cea5e487aee2801_96_p.mp4,https://aac.saavncdn.com/202/6777fa0bd7d4b8662cea5e487aee2801_320.mp4,Tanishk Bagchi,1595701,playlist,https://www.jiosaavn.com/song/the-wakhra-song/QV06ezBpZUk,94498085,"Navv Inder, Lisa Mishra, Raja Kumari","1214651, 4924361, 702496",2019-07-20,"{'cacheable': True, 'code': 0, 'delete_cached_object': False, 'reason': ''}","Navv Inder, Lisa Mishra, Raja Kumari",The Wakhra Song,HipHopParty_15QJDYRz,false,"Kangana Ranaut, Rajkummar Rao",,010910440983137,https://jiotunepreview.jio.com/content/Converted/010910440938703.mp3,2019
true,Billo Tu Agg,"https://www.jiosaavn.com/album/billo-tu-agg/1IsRPV,-h7g_",22012120,"{'Singhsta': '1878956', 'Yo Yo Honey Singh': '485956'}",false,℗ 2020 Super Cassettes Industries Private Limited,,,220,NMKyboFo/FiLiWo3rMOSKEctf//teegi0mndVXPER/D2/29ijc6sn5Jo+0Pmm1Td,ID2ieOjCrwfgWvL5sXl4B1ImC5QfbsDyXeuDPGqqFISMVkHORIyJkkKb9YFaT3mwXm5T/osN2BFkVHECfAHTfhw7tS9a8Gtq,0,,,HipHopParty,true,r7Rtzo8g,https://c.saavncdn.com/837/Billo-Tu-Agg-Hindi-2020-20200816234001-500x500.jpg,T-Series,/label/t-series-albums/6DLuXO3VoTo_,hindi,"ਬਿੱਲੋ ਤੂੰ ਅੱਗ ਐਂ, ਬਿੱਲੋ ਤੂੰ ਅੱਗ ਐਂ",https://preview.saavncdn.com/837/61cdcf518544902e91f75f31aa5bd33e_96_p.mp4,https://aac.saavncdn.com/837/61cdcf518544902e91f75f31aa5bd33e_320.mp4,Singhsta,1878956,playlist,https://www.jiosaavn.com/song/billo-tu-agg-feat.-yo-yo-honey-singh/Al85RQ5fD1Q,1914319,"Singhsta, Yo Yo Honey Singh","1878956, 485956",2020-08-17,"{'cacheable': True, 'code': 0, 'delete_cached_object': False, 'reason': ''}","Singhsta, Yo Yo Honey Singh",Billo Tu Agg (feat. Yo Yo Honey Singh),HipHopParty_r7Rtzo8g,false,,,010910091172328,https://jiotunepreview.jio.com/content/Converted/010910091128759.mp3,2020
true,Good Newwz,https://www.jiosaavn.com/album/good-newwz/UD51CawjtVY_,18087760,"{'Akshay Kumar': '456099', 'Asees Kaur': '706985', 'Badshah': '456863', 'Diljit Dosanjh': '468245', 'Harrdy Sandhu': '672167', 'Kareena Kapoor Khan': '852212', 'Kiara Advani': '702466', 'Lisa Mishra': '4924361', 'Tanishk Bagchi': '1595701'}",false,© 2019 Zee Music Company,,,205,NMKyboFo/FgdsLTiYkkx2owdPy0JPK7OyKERh3oZguU9XR57G26fxg75ioshSi0X,ID2ieOjCrwfgWvL5sXl4B1ImC5QfbsDyUVgKiTyHZFKIEWITr4e+Fo9pPyqXMrYPizSQJVrr2RBrlv9m7AuxRRw7tS9a8Gtq,0,,,HipHopParty,true,U9CLyTvH,https://c.saavncdn.com/753/Good-Newwz-Hindi-2019-20191226100303-500x500.jpg,Zee Music Co.,/label/zee-music-co.-albums/06cepoPTlhU_,hindi,dilaa de ghar  dilaa de ghar,https://preview.saavncdn.com/753/d168b0d580054e712ecf00fc86b3a151_96_p.mp4,https://aac.saavncdn.com/753/d168b0d580054e712ecf00fc86b3a151_320.mp4,Tanishk Bagchi,1595701,playlist,https://www.jiosaavn.com/song/chandigarh-mein/JVEofQ1kQXs,72780568,"Badshah, Harrdy Sandhu, Tanishk Bagchi, Lisa Mishra, Asees Kaur","456863, 672167, 1595701, 4924361, 706985",2019-12-26,"{'cacheable': True, 'code': 0, 'delete_cached_object': False, 'reason': ''}","Badshah, Harrdy Sandhu, Tanishk Bagchi, Lisa Mishra, Asees Kaur",Chandigarh Mein,HipHopParty_U9CLyTvH,false,"Akshay Kumar, Kareena Kapoor Khan, Diljit Dosanjh, Kiara Advani",,010910441051466,https://jiotunepreview.jio.com/content/Converted/010910441007764.mp3,2019
true,Urvashi,https://www.jiosaavn.com/album/urvashi/dUexQPibPjc_,14005800,"{'Kiara Advani': '702466', 'Shahid Kapoor': '455778', 'Singhsta': '1878956', 'Yo Yo Honey Singh': '485956'}",false,Super Cassettes Industries Private Limited,,,215,NMKyboFo/FgEsGwCguhpst4PEpDYZLGVC7HT0jTWoCdQlwZIIXap29cJ1SAWfD/s,ID2ieOjCrwfgWvL5sXl4B1ImC5QfbsDyqwA+vVhynoV7GEumjujKjDCsUhEElaBIkARhZFMZdRFIkSDReMAw4xw7tS9a8Gtq,0,,,HipHopParty,true,0Lk6ud3Z,https://c.saavncdn.com/850/Urvashi-Hindi-2018-20181003-500x500.jpg,T-Series,/label/t-series-albums/6DLuXO3VoTo_,hindi,Urvashi  Urvashi  take it easy  Urvashi,https://preview.saavncdn.com/850/fd36966f9c0c8a01571afcdde4535d3f_96_p.mp4,https://aac.saavncdn.com/850/fd36966f9c0c8a01571afcdde4535d3f_320.mp4,Yo Yo Honey Singh,485956,playlist,https://www.jiosaavn.com/song/urvashi/QCQABwFUBGk,59607555,Yo Yo Honey Singh,485956,2018-10-03,"{'cacheable': True, 'code': 0, 'delete_cached_object': False, 'reason': ''}",Yo Yo Honey Singh,Urvashi,HipHopParty_0Lk6ud3Z,false,"Shahid Kapoor, Kiara Advani",,010910090881790,https://jiotunepreview.jio.com/content/Converted/010910090836988.mp3,2018
true,Skechers (feat. Badshah),https://www.jiosaavn.com/album/skechers-feat.-badshah/6yJKyuAASpg_,20952019,"{'Aditya Prateek Singh': '8176666', 'Badshah': '456863', 'Badshash': '5997787', 'DripReport': '7033416', 'OUHBOY': ''}",false,(P) 2020 DripReport under exclusive license to Arista Records,true,Unavailable,163,NMKyboFo/Fi0VFqJf5Q3Rw==,ID2ieOjCrwfgWvL5sXl4B1ImC5QfbsDyw1mycwOrVd1h+T9khrg1/zRQ+0qjVpuKoIlqQrX4IjhvauNiU1CKyRw7tS9a8Gtq,0,,,HipHopParty,false,NjlmyqLv,https://c.saavncdn.com/356/Skechers-feat-Badshah--Hindi-2020-20200618065523-500x500.jpg,Arista Records,"/label/arista-records-albums/FM980W,q1Fk_",hindi,,https://preview.saavncdn.com/356/18c8e35a545fac051fa51ea9de6dd4cf_96_p.mp4,https://aac.saavncdn.com/356/18c8e35a545fac051fa51ea9de6dd4cf_320.mp4,"DripReport, OUHBOY, Aditya Prateek Singh","7033416, 5997787, 8176666",playlist,https://www.jiosaavn.com/song/skechers-feat.-badshah/PgIHXA1Be0U,3191212,"DripReport, Badshah","7033416, 456863",2020-06-17,"{'cacheable': False, 'code': 1, 'delete_cached_object': True, 'reason': 'Unavailable'}","DripReport, Badshah, DripReport, Badshash, OUHBOY",Skechers (feat. Badshah),HipHopParty_NjlmyqLv,false,,,,,2020
true,Boss,https://www.jiosaavn.com/album/boss/De68bZGCHco_,1144045,"{'Aditi Rao Hydari': '477709', 'Akshay Kumar': '456099', 'Mithun Chakraborty': '456386', 'Ronit Roy': '455319', 'Sahil Kaushal (Lill Gollu)': '675049', 'Sonakshi Sinha': '467228', 'Yo Yo Honey Singh': '485956'}",false,© 2013 T-Series,,,284,NMKyboFo/FhaXfc/RwWznbGXQZZROhQkUaylyInyDxN9moajEsOtsQ+FfBEQiQn/,ID2ieOjCrwfgWvL5sXl4B1ImC5QfbsDyqmsGwMztJciu9wk+5PRx8RRei2sKAJ1kABfQm+gnuyXtcNIvf8jfWRw7tS9a8Gtq,0,,,HipHopParty,false,bDp1J2lw,https://c.saavncdn.com/776/Boss-Hindi-2013-500x500.jpg,T-Series,/label/t-series-albums/6DLuXO3VoTo_,hindi,,https://preview.saavncdn.com/776/78510d917e25a8ec571e125c60abe4b3_96_p.mp4,https://aac.saavncdn.com/776/78510d917e25a8ec571e125c60abe4b3_320.mp4,Yo Yo Honey Singh,485956,playlist,https://www.jiosaavn.com/song/party-all-night/EiwbAD4CW0Q,17973408,Yo Yo Honey Singh,485956,2013-09-05,"{'cacheable': True, 'code': 0, 'delete_cached_object': False, 'reason': ''}",Yo Yo Honey Singh,Party All Night,HipHopParty_bDp1J2lw,false,"Akshay Kumar, Aditi Rao Hydari, Mithun Chakraborty, Ronit Roy, Sonakshi Sinha",,010910090320297,https://jiotunepreview.jio.com/content/Converted/010910090377300.mp3,2013
true,Kapoor & Sons (Since 1921),https://www.jiosaavn.com/album/kapoor--sons-since-1921/UpQwCOI20wc_,1858739,"{'Alia Bhatt': '511658', 'Amaal Mallik': '743637', 'Badshah': '456863', 'Fawad Khan': '476389', 'Fazilpuria': '712775', 'Kumaar': '455665', 'Neha Kakkar': '464932', 'Rishi Kapoor': '455081', 'Sidharth Malhotra': '682930', 'Sukriti Kakar': '670650'}",false,(P) 2016 Sony Music Entertainment India Pvt. Ltd.,true,Pro Only,187,NMKyboFo/Fi0VFqJf5Q3Rw==,ID2ieOjCrwfgWvL5sXl4B1ImC5QfbsDyH21DGYwwgYrL5MZtfDQ/d8jKFJ4CitJ57AoflkQo0+N8ln6IL3IpdRw7tS9a8Gtq,0,,,HipHopParty,false,rlpoMDqy,https://c.saavncdn.com/331/Kapoor-Sons-Since-1921-Hindi-2016-500x500.jpg,Sony Music Entertainment India Pvt. Ltd.,/label/sony-music-entertainment-india-pvt.-ltd.-albums/LaFAA6h1q2U_,hindi,,https://preview.saavncdn.com/331/390d373616f71701f3b44548c0aa1be4_96_p.mp4,https://aac.saavncdn.com/331/390d373616f71701f3b44548c0aa1be4_320.mp4,"Badshah, Amaal Mallik","456863, 743637",playlist,https://www.jiosaavn.com/song/kar-gayi-chull/AgQbXjl0Rko,80463657,"Badshah, Amaal Mallik, Fazilpuria, Sukriti Kakar, Neha Kakkar","456863, 743637, 712775, 670650, 464932",2016-03-04,"{'cacheable': True, 'code': 1, 'delete_cached_object': False, 'reason': 'Pro Only'}","Badshah, Amaal Mallik, Fazilpuria, Sukriti Kakar, Neha Kakkar, Sukriti Kakar, Amaal Mallik, Badshah, Neha Kakkar, Fazilpuria",Kar Gayi Chull,HipHopParty_rlpoMDqy,false,"Sidharth Malhotra, Rishi Kapoor, Alia Bhatt, Fawad Khan",,010910140010868,https://jiotunepreview.jio.com/content/Converted/010910140013441.mp3,2016
true,Thandi Hawa (Official Remixes),"https://www.jiosaavn.com/album/thandi-hawa-official-remixes/,v,VaA5fFtI_",20609525,"{'Ritviz': '1970745', 'Ritviz Srivastava': '4153428'}",false,℗ 2020 Ritviz,,,183,NMKyboFo/FgLHky5BivqyZ7sbalss0p4eGJJnGpkOqlOcz0f1QKuPnej2/R9vVpJ,ID2ieOjCrwfgWvL5sXl4B1ImC5QfbsDyLCEer3NDXV/tueDJZOKK6+rHvWB7EW0ZYjbe3xHoEen+N0i/QJ+jaRw7tS9a8Gtq,0,,,HipHopParty,false,joYZFXwe,https://c.saavncdn.com/849/Thandi-Hawa-Remix-Version--Hindi-2020-20200529052406-500x500.jpg,Ritviz,"/label/ritviz-albums/ZA,VAlPtgMI_",hindi,,https://preview.saavncdn.com/849/0823fb33549f565ba763bfaeab1dbe51_96_p.mp4,https://aac.saavncdn.com/849/0823fb33549f565ba763bfaeab1dbe51_320.mp4,Ritviz Srivastava,4153428,playlist,https://www.jiosaavn.com/song/thandi-hawa-sez-on-the-beat-x-enkore-remix/GgcyazJoQFY,225278,Ritviz,1970745,2020-05-29,"{'cacheable': True, 'code': 0, 'delete_cached_object': False, 'reason': ''}",Ritviz,Thandi Hawa (Sez On The Beat x Enkore Remix),HipHopParty_joYZFXwe,false,,,,,2020
true,Lungi Dance,https://www.jiosaavn.com/album/lungi-dance/fGMaapoIMPs_,1142633,{'Yo Yo Honey Singh': '485956'},false,© 2013 T-Series,,,275,NMKyboFo/FiwHno4Vi2CCF1n2K86RdaP/2OwyO1ouKFQ7x0Pxzu0cR9LPcMrAiIr,ID2ieOjCrwfgWvL5sXl4B1ImC5QfbsDy8CVcB8BLbkjEWi7EcA6fCazi2Y+GIjPysv84eyWpy7daPFPY7mPy5Bw7tS9a8Gtq,0,,,HipHopParty,true,mVfBFdzi,https://c.saavncdn.com/148/Lungi-Dance-2013-500x500.jpg,T-Series,/label/t-series-albums/6DLuXO3VoTo_,hindi,लुंगी dance  लुंगी dance  लुंगी dance  लुंगी dance,https://preview.saavncdn.com/148/8f5228e9397638aff47ad095d46e59bc_96_p.mp4,https://aac.saavncdn.com/148/8f5228e9397638aff47ad095d46e59bc_320.mp4,Yo Yo Honey Singh,485956,playlist,https://www.jiosaavn.com/song/lungi-dance/HT4NczJUTVo,16070995,Yo Yo Honey Singh,485956,2013-07-23,"{'cacheable': True, 'code': 0, 'delete_cached_object': False, 'reason': ''}",Yo Yo Honey Singh,Lungi Dance,HipHopParty_mVfBFdzi,false,,,010910090070995,https://jiotunepreview.jio.com/content/Converted/010910090081405.mp3,2013
true,F.A.L.T.U,https://www.jiosaavn.com/album/f.a.l.t.u/0dSCHEPC6BI_,1027064,"{'Hard Kaur': '455709', 'Jackky Bhagnani': '475308', 'Jigar Saraiya': '470069', 'Puja Gupta': '470070', 'Riteish Deshmukh': '468470', 'Sachin Sanghvi': '640931', 'Sachin-Jigar': '461968', 'Sameer': '455415'}",false,(P) 2011 Sony Music Entertainment India Pvt. Ltd.,true,Pro Only,213,NMKyboFo/Fi0VFqJf5Q3Rw==,ID2ieOjCrwfgWvL5sXl4B1ImC5QfbsDyHSxKa9wzCsWomUITmJ9haMwtxbKvVEEhF7RF57lFQz7foHb3UQa71xw7tS9a8Gtq,0,,,HipHopParty,false,gl1NZW_Z,https://c.saavncdn.com/507/F-A-L-T-U-Hindi-2011-20190603134709-500x500.jpg,Sony Music Entertainment India Pvt. Ltd.,/label/sony-music-entertainment-india-pvt.-ltd.-albums/LaFAA6h1q2U_,hindi,,https://preview.saavncdn.com/507/2e278b75ff6607c412c2778e8d118f92_96_p.mp4,https://aac.saavncdn.com/507/2e278b75ff6607c412c2778e8d118f92_320.mp4,"Sachin Sanghvi, Jigar Saraiya","640931, 470069",playlist,https://www.jiosaavn.com/song/char-baj-gaye-party-abhi-baaki-hai/FwRafy5naGk,5265233,"Sachin-Jigar, Hard Kaur","461968, 455709",2011-06-06,"{'cacheable': True, 'code': 1, 'delete_cached_object': False, 'reason': 'Pro Only'}","Sachin-Jigar, Hard Kaur",Char Baj Gaye (Party Abhi Baaki Hai),HipHopParty_gl1NZW_Z,false,"Puja Gupta, Riteish Deshmukh, Jackky Bhagnani",,010910140268575,https://jiotunepreview.jio.com/content/Converted/010910140281170.mp3,2011
true,Don't Be Shy Again (From 'Bala'),https://www.jiosaavn.com/album/dont-be-shy-again-from-bala/qXKDvcNKmsY_,17643170,"{'Ayushmann Khurrana': '489731', 'Badshah': '456863', 'Bhumi Pednekar': '808768', 'Gurdeep Mehendi': '7079948', 'Jigar Saraiya': '470069', 'Mellow D': '716940', 'Sachin Sanghvi': '640931', 'Sachin-Jigar': '461968', 'Shalmali Kholgade': '467027', 'Yami Gautam': '505299'}",false,(P) 2019 Sony Music Entertainment India Pvt. Ltd.,true,Pro Only,163,NMKyboFo/Fi0VFqJf5Q3Rw==,ID2ieOjCrwfgWvL5sXl4B1ImC5QfbsDyWX966+dbEXP3hoolwXJh53Wr8EzECmCj+VV0LJ4I4h48rqAwIVO1phw7tS9a8Gtq,0,,,HipHopParty,true,bWvmzgpu,https://c.saavncdn.com/150/Don-t-Be-Shy-Again-From-Bala--Hindi-2019-20191022083038-500x500.jpg,Sony Music Entertainment India Pvt. Ltd.,/label/sony-music-entertainment-india-pvt.-ltd.-albums/LaFAA6h1q2U_,hindi,Don t be shy  my honey,https://preview.saavncdn.com/150/0168942622cd009fd085676cdfaa8bdb_96_p.mp4,https://aac.saavncdn.com/150/0168942622cd009fd085676cdfaa8bdb_320.mp4,"Sachin-Jigar, Sachin Sanghvi, Jigar Saraiya","461968, 640931, 470069",playlist,https://www.jiosaavn.com/song/dont-be-shy-again-from-bala/Ej8dXA5XR0Y,20006546,"Sachin-Jigar, Badshah, Shalmali Kholgade, Gurdeep Mehendi","461968, 456863, 467027, 7079948",2019-10-18,"{'cacheable': True, 'code': 1, 'delete_cached_object': False, 'reason': 'Pro Only'}","Sachin-Jigar, Badshah, Shalmali Kholgade, Gurdeep Mehendi",Don't Be Shy Again (From 'Bala'),HipHopParty_bWvmzgpu,false,"Ayushmann Khurrana, Yami Gautam, Bhumi Pednekar",,010910141028173,https://jiotunepreview.jio.com/content/Converted/010910140983612.mp3,2019
true,Bluff Master,https://www.jiosaavn.com/album/bluff-master/yiqImOEFddU_,15026979,"{'Abhishek Bachchan': '461363', 'Boman Irani': '455684', 'Dj Naved': '464953', 'Nana Patekar': '457082', 'Priyanka Chopra': '455785', 'Riteish Deshmukh': '468470', 'Sameeruddin': '464951', 'Sunidhi Chauhan': '455129', 'Vishal-Shekhar': '459880'}",false,© 2019 Saregama,,,224,NMKyboFo/FjIuEGkRqyW3hJgg5Os/iZDZpNeujfKg3fiPvwvncQ9S/EtCo6jSNyq,ID2ieOjCrwfgWvL5sXl4B1ImC5QfbsDy+aRcwJhgkTAX3s6e2szpVef0cNQX9uvQab8l1/Y8KjdAzQoKFpU3RBw7tS9a8Gtq,0,,,HipHopParty,false,zOLeNBKI,https://c.saavncdn.com/042/Bluff-Master-Hindi-2005-20190204125917-500x500.jpg,Saregama,/label/saregama-albums/MNccah3udrQ_,hindi,,https://preview.saavncdn.com/042/af78339f5f616dcff9b3b97a5a52dac0_96_p.mp4,https://aac.saavncdn.com/042/af78339f5f616dcff9b3b97a5a52dac0_320.mp4,"Vishal-Shekhar, Dj Naved","459880, 464953",playlist,https://www.jiosaavn.com/song/right-here-right-now---hip-hop-mix/CicnVDpyfHo,481314,"Abhishek Bachchan, Sunidhi Chauhan","461363, 455129",2005-12-16,"{'cacheable': True, 'code': 0, 'delete_cached_object': False, 'reason': ''}","Abhishek Bachchan, Sunidhi Chauhan",Right Here Right Now - Hip-Hop Mix,HipHopParty_zOLeNBKI,false,"Abhishek Bachchan, Priyanka Chopra, Riteish Deshmukh, Nana Patekar, Boman Irani",,010910080573298,https://jiotunepreview.jio.com/content/Converted/010910080542650.mp3,2005
true,Haryana Roadways,https://www.jiosaavn.com/album/haryana-roadways/lh8qM7lOnZo_,21726815,"{'Badshah': '456863', 'Badshah &amp; Fazilpuria': '8409194', 'Fazilpuria': '712775', 'Raman Sisodia': '8409195'}",false,(P) 2020 Sony Music Entertainment India Pvt. Ltd.,true,Pro Only,188,NMKyboFo/Fi0VFqJf5Q3Rw==,ID2ieOjCrwfgWvL5sXl4B1ImC5QfbsDynlFoFsQI8LzxG3IvLGfn44S9gDKXQVVCJarmkLbl1TpYpaGq23wTERw7tS9a8Gtq,0,,,HipHopParty,false,cD5X0mnP,https://c.saavncdn.com/308/Haryana-Roadways-Hindi-2020-20200729071857-500x500.jpg,Sony Music Entertainment India Pvt. Ltd.,/label/sony-music-entertainment-india-pvt.-ltd.-albums/LaFAA6h1q2U_,hindi,,https://preview.saavncdn.com/308/99b8ef93c1a0571a86e531f55696329b_96_p.mp4,https://aac.saavncdn.com/308/99b8ef93c1a0571a86e531f55696329b_320.mp4,Badshah,456863,playlist,https://www.jiosaavn.com/song/haryana-roadways/EyxeaURdWWM,1061199,"Badshah, Fazilpuria","456863, 712775",2020-07-30,"{'cacheable': True, 'code': 1, 'delete_cached_object': False, 'reason': 'Pro Only'}","Badshah, Fazilpuria, Badshah & Fazilpuria",Haryana Roadways,HipHopParty_cD5X0mnP,false,,,010910141166060,https://jiotunepreview.jio.com/content/Converted/010910141122247.mp3,2020
true,Moscow Mashuka,https://www.jiosaavn.com/album/moscow-mashuka/NjNr4IkhJ1M_,19877915,"{'Ekaterina Sizova': '7867088', 'Neha Kakkar': '464932', 'Yo Yo Honey Singh': '485956'}",false,℗ 2020 Super Cassettes Industries Private Limited,,,188,NMKyboFo/Fi2zpLgIPrQgRn7GzGyIaAxXQ0IYnaFgVo7Kr1bOOw1/nuHSkrWQE7a,ID2ieOjCrwfgWvL5sXl4B1ImC5QfbsDyC+/MR6Afg9p9aakBAD/5Ml6P4CYMpnBVYuTFCL+TjorenRjD47Wq0hw7tS9a8Gtq,0,,,HipHopParty,false,Dfg9ULEi,https://c.saavncdn.com/494/Moscow-Mashuka-Hindi-2020-20200416104001-500x500.jpg,T-Series,/label/t-series-albums/6DLuXO3VoTo_,hindi,,https://preview.saavncdn.com/494/5b3d2aa0aa23a15bebeab36ad773472a_96_p.mp4,https://aac.saavncdn.com/494/5b3d2aa0aa23a15bebeab36ad773472a_320.mp4,Yo Yo Honey Singh,485956,playlist,https://www.jiosaavn.com/song/moscow-mashuka/NA4MCCF8clo,7817140,"Yo Yo Honey Singh, Neha Kakkar, Ekaterina Sizova","485956, 464932, 7867088",2020-04-14,"{'cacheable': True, 'code': 0, 'delete_cached_object': False, 'reason': ''}","Yo Yo Honey Singh, Neha Kakkar, Ekaterina Sizova",Moscow Mashuka,HipHopParty_Dfg9ULEi,false,,,010910091142962,https://jiotunepreview.jio.com/content/Converted/010910091099648.mp3,2020
true,Nashe Mein,https://www.jiosaavn.com/album/nashe-mein/hVUnPDogUsI_,20893991,"{'Arya': '455783', 'Arya Acharya': '490322', 'Jubin Nautiyal': '881158', 'Viraal': '2558826'}",false,© 2020 Voila Digi - Brand B,,,235,NMKyboFo/FgHQA6TJ8T/5aALmWVE3hceh8+mpBZ9ThyIRdwwsKmQ1zLkQXQDouuj,ID2ieOjCrwfgWvL5sXl4B1ImC5QfbsDyvleMuyN12DfKP5nsd/qWUDmmMCudGKPIDGTBGgzIVkZq9kkQHl/WtBw7tS9a8Gtq,0,Arya Acharya,490322,HipHopParty,true,1pV8GlP0,https://c.saavncdn.com/813/Nashe-Mein-Hindi-2020-20200615122346-500x500.jpg,Voila Digi,/label/voila-digi-albums/fugWsqPxvTU_,hindi,nashe mein main hoon  nashe mein tum ho ya samaan hee hai ye nashila,https://preview.saavncdn.com/813/42e60fbe3747396cefda07e81dec7a73_96_p.mp4,https://aac.saavncdn.com/813/42e60fbe3747396cefda07e81dec7a73_320.mp4,"Viraal, Arya","2558826, 455783",playlist,https://www.jiosaavn.com/song/nashe-mein/QRg9CTNcZwM,446860,Jubin Nautiyal,881158,2020-06-15,"{'cacheable': True, 'code': 0, 'delete_cached_object': False, 'reason': ''}","Jubin Nautiyal, Arya Acharya",Nashe Mein,HipHopParty_1pV8GlP0,false,,,010912261154838,https://jiotunepreview.jio.com/content/Converted/010912261111193.mp3,2020
true,Savage,https://www.jiosaavn.com/album/savage/wwzK3gCXRXs_,20748489,"{'Bambb Homie': '6815929', 'ITS Simar': '1260585', 'Vejeeta': '8119171'}",false,© 2020 Saga Music,,,199,NMKyboFo/Fi4/XPi4R/Wjb5TVacEf9bXjjw9faNOh2646P59RqLfsUM9TgWIv4RP,ID2ieOjCrwfgWvL5sXl4B1ImC5QfbsDym6os25l9WqWHshjNbAJDJnwmamIiAJmVFXL4YuZgFbVgwcoPRvmt0Bw7tS9a8Gtq,0,,,HipHopParty,false,pTiZU8mL,https://c.saavncdn.com/191/Savage-Hindi-2020-20200606182843-500x500.jpg,Saga Music,/label/saga-music-albums/mI3ZXzlHZXo_,hindi,,https://preview.saavncdn.com/191/d0378888ccdc4ef3ccb906f7e3e833e8_96_p.mp4,https://aac.saavncdn.com/191/d0378888ccdc4ef3ccb906f7e3e833e8_320.mp4,ITS Simar,1260585,playlist,https://www.jiosaavn.com/song/savage/ADwCayEIWn8,134510,"Vejeeta, ITS Simar","8119171, 1260585",2020-06-06,"{'cacheable': True, 'code': 0, 'delete_cached_object': False, 'reason': ''}","Vejeeta, ITS Simar",Savage,HipHopParty_pTiZU8mL,false,,,010910391153645,https://jiotunepreview.jio.com/content/Converted/010910391109987.mp3,2020
true,Phir Ek Tera Pyar,https://www.jiosaavn.com/album/phir-ek-tera-pyar/mgmsFzmBOEk_,19571500,"{'Bohemia': '456104', 'Devika': '457327', 'Shaxe Oriah': '4924702'}",false,© 2020 Saga Music,,,240,NMKyboFo/FhFh/O/OPBF8pmSOTH6IjJXNtoncAYkzraErCrsfpnc6ZloDZHmuBFz,ID2ieOjCrwfgWvL5sXl4B1ImC5QfbsDyuppGFlk43AzsDRfULG7OHSK8Z6IUUBJhpe/8yJaLJuMFXWxKPPYVjxw7tS9a8Gtq,0,Devika,457327,HipHopParty,true,cbvLF3Vi,https://c.saavncdn.com/316/Phir-Ek-Tera-Pyar-Hindi-2020-20200324084055-500x500.jpg,Saga Music,/label/saga-music-albums/mI3ZXzlHZXo_,hindi,haan  de-de muje ik tera pyaar,https://preview.saavncdn.com/316/3f7b44010d451a9f7a0c828463da12a6_96_p.mp4,https://aac.saavncdn.com/316/3f7b44010d451a9f7a0c828463da12a6_320.mp4,Shaxe Oriah,4924702,playlist,https://www.jiosaavn.com/song/phir-ek-tera-pyar/EwodfTIDYVo,2468469,Bohemia,456104,2020-03-24,"{'cacheable': True, 'code': 0, 'delete_cached_object': False, 'reason': ''}","Bohemia, Devika",Phir Ek Tera Pyar,HipHopParty_cbvLF3Vi,false,,,010910391141943,https://jiotunepreview.jio.com/content/Converted/010910391098090.mp3,2020
true,Daru Daru,https://www.jiosaavn.com/album/daru-daru/su6kcQ9YqXw_,3017637,"{'DIVINE': '653605', 'Deep Jandu': '822592', 'Gangis Khan': '834351'}",false,(P) 2016 Sony Music Entertainment India Pvt. Ltd.,true,Pro Only,197,NMKyboFo/Fi0VFqJf5Q3Rw==,ID2ieOjCrwfgWvL5sXl4B1ImC5QfbsDyyg3xz95y4xlqbJmFjLIkiXWWzmHdZTKwi/Q9Nb2tKvo9zLXxPJmBGRw7tS9a8Gtq,0,"Gangis Khan, DIVINE","834351, 653605",HipHopParty,false,UZ_HRSON,https://c.saavncdn.com/418/Daru-Daru-Hindi-2016-500x500.jpg,Sony Music Entertainment,/label/sony-music-entertainment-albums/fWRQvGSkU2M_,hindi,,https://preview.saavncdn.com/418/3c657df676583c5a75437ea1ce42556a_96_p.mp4,https://aac.saavncdn.com/418/3c657df676583c5a75437ea1ce42556a_320.mp4,Deep Jandu,822592,playlist,https://www.jiosaavn.com/song/daru-daru/JTI0eSZjeH0,2695489,Deep Jandu,822592,2016-11-18,"{'cacheable': True, 'code': 1, 'delete_cached_object': False, 'reason': 'Pro Only'}","Gangis Khan, DIVINE, Deep Jandu",Daru Daru,HipHopParty_UZ_HRSON,false,,,,,2016
true,Body Language,https://www.jiosaavn.com/album/body-language/SVKJKRmJ-xs_,15221265,"{'Ikka': '683853', 'THEMXXNLIGHT': '4518124'}",false,℗ 2019 Universal Music India Pvt. Ltd.,,,208,NMKyboFo/FgVbf0FiZAi1/afcwTPw8QYbHe3zvjlHkAUJKO/RJYBb0Ufz9dwMR05,ID2ieOjCrwfgWvL5sXl4B1ImC5QfbsDyf3mtx2rboR/zpysM11CuscT2yxY2ikeRYEWyFG1jEKb74J1BRc6+mhw7tS9a8Gtq,0,THEMXXNLIGHT,4518124,HipHopParty,true,XQ5vEd4t,https://c.saavncdn.com/358/Body-Language-Hindi-2019-20190924083609-500x500.jpg,Universal Music India Pvt Ltd.,/label/universal-music-india-pvt-ltd.-albums/yCRRDUDuazo_,hindi,You don t have to say you want me,https://preview.saavncdn.com/358/a14bcbf9febd2a93df83e402650911b6_96_p.mp4,https://aac.saavncdn.com/358/a14bcbf9febd2a93df83e402650911b6_320.mp4,,,playlist,https://www.jiosaavn.com/song/body-language/KDleRzFUA0c,6231101,Ikka,683853,2019-02-27,"{'cacheable': True, 'code': 0, 'delete_cached_object': False, 'reason': ''}","Ikka, THEMXXNLIGHT",Body Language,HipHopParty_XQ5vEd4t,false,,,010912021143680,https://jiotunepreview.jio.com/content/Converted/010912021100214.mp3,2019
true,Rap Ka Mausam,https://www.jiosaavn.com/album/rap-ka-mausam/-LA45RMb7B8_,16854191,"{'Hina Fatima': '6055253', 'Raga': '6000804', 'Yawar': '1194845'}",false,(P) 2019 Sony Music Entertainment India Pvt. Ltd. Under Exclusive Distribution from Artisttaan,true,Pro Only,181,NMKyboFo/Fi0VFqJf5Q3Rw==,ID2ieOjCrwfgWvL5sXl4B1ImC5QfbsDyrrbWdPUMf/EMIzWsgvF8LB0mjZN/D8gex9116AK/ob+lxXqCyxvoYBw7tS9a8Gtq,1,Hina Fatima,6055253,HipHopParty,false,KfSA8biz,https://c.saavncdn.com/467/Rap-Ka-Mausam-Hindi-2019-20190807140238-500x500.jpg,Artisttaan / Sony Music,/label/artisttaan--sony-music-albums/OMCL6Or-IPE_,hindi,,https://preview.saavncdn.com/467/3733001234f38eeb8975fd5426332573_96_p.mp4,https://aac.saavncdn.com/467/3733001234f38eeb8975fd5426332573_320.mp4,Yawar,1194845,playlist,https://www.jiosaavn.com/song/biba/Ow44cExSXkk,653715,Raga,6000804,2019-08-09,"{'cacheable': True, 'code': 1, 'delete_cached_object': False, 'reason': 'Pro Only'}","Raga, Hina Fatima",Biba,HipHopParty_KfSA8biz,false,,,010910140990064,https://jiotunepreview.jio.com/content/Converted/010910140945147.mp3,2019
